C:\Users\Tahir\AppData\Roaming\Python\Python314\site-packages\fastapi\openapi\utils.py:303: UserWarning: Duplicate Operation ID api_list_exceptions_api_v1_exceptions_get for function api_list_exceptions at C:\Users\Tahir\Documents\GitHub\finalFPA\app\api\main.py
  warnings.warn(message, stacklevel=1)
OpenAPI contract drift check PASSED: No schema drift detected.
--> [DOC-INTEGRITY] Checking docs/ and evidence/ under C:\Users\Tahir\Documents\GitHub\finalFPA...
    Discovered 88 markdown files.
    PASSED: All markdown links valid and cross-project IDs consistent!

C:\Users\Tahir\Documents\GitHub\finalFPA\tests\integration\test_portable_mode.py:25: SyntaxWarning: "\d" is an invalid escape sequence. Such sequences will not work in the future. Did you mean "\\d"? A raw string is also an option.
  """With portable.flag beside the execution directory, data relocates to <app>\data\default."""
=== FinalFPA Test Catalogue Traceability Checker (DEF-012) ===
Loaded 309 valid TST identifiers from documentation.
Harvested 41 marker references covering 34 distinct TST IDs.
[PASS] No unknown TST identifiers found in test suite.
[PASS] 100% coverage for Exception Rules TST-RUL-01 through TST-RUL-24.
[PASS] Core Import tests verified (3 verified).
[PASS] Core Security tests verified (3 verified).
[PASS] Core Export tests verified (2 verified).

Summary:
  Total mapped TST IDs: 34
  Total test marker tags: 41
ALL TRACEABILITY CHECKS PASSED.
........................................................................ [  8%]
........................................................................ [ 17%]
........................................................................ [ 25%]
........................................................................ [ 34%]
........................................................................ [ 42%]
........................................................................ [ 51%]
........................................................................ [ 59%]
........................................................................ [ 68%]
........................................................................ [ 77%]
........................................................................ [ 85%]
........................................................................ [ 94%]
.................................................C:\Users\Tahir\AppData\Roaming\Python\Python314\site-packages\coverage\sqlitedb.py:122: ResourceWarning: unclosed database in <sqlite3.Connection object at 0x0000021ED33F14E0>
  return self.con.execute(sql, parameters)  # type: ignore[arg-type]
ResourceWarning: Enable tracemalloc to get the object allocation traceback
C:\Users\Tahir\AppData\Roaming\Python\Python314\site-packages\coverage\sqlitedb.py:122: ResourceWarning: unclosed database in <sqlite3.Connection object at 0x0000021EC5A48130>
  return self.con.execute(sql, parameters)  # type: ignore[arg-type]
ResourceWarning: Enable tracemalloc to get the object allocation traceback
C:\Users\Tahir\AppData\Roaming\Python\Python314\site-packages\coverage\sqlitedb.py:122: ResourceWarning: unclosed database in <sqlite3.Connection object at 0x0000021EC5A49D50>
  return self.con.execute(sql, parameters)  # type: ignore[arg-type]
ResourceWarning: Enable tracemalloc to get the object allocation traceback
C:\Users\Tahir\AppData\Roaming\Python\Python314\site-packages\coverage\sqlitedb.py:122: ResourceWarning: unclosed database in <sqlite3.Connection object at 0x0000021EC5A486D0>
  return self.con.execute(sql, parameters)  # type: ignore[arg-type]
ResourceWarning: Enable tracemalloc to get the object allocation traceback
C:\Users\Tahir\AppData\Roaming\Python\Python314\site-packages\coverage\sqlitedb.py:122: ResourceWarning: unclosed database in <sqlite3.Connection object at 0x0000021EC5A49A80>
  return self.con.execute(sql, parameters)  # type: ignore[arg-type]
ResourceWarning: Enable tracemalloc to get the object allocation traceback
C:\Users\Tahir\AppData\Roaming\Python\Python314\site-packages\coverage\sqlitedb.py:122: ResourceWarning: unclosed database in <sqlite3.Connection object at 0x0000021EC5A495D0>
  return self.con.execute(sql, parameters)  # type: ignore[arg-type]
ResourceWarning: Enable tracemalloc to get the object allocation traceback
C:\Users\Tahir\AppData\Roaming\Python\Python314\site-packages\coverage\sqlitedb.py:122: ResourceWarning: unclosed database in <sqlite3.Connection object at 0x0000021EC5A484F0>
  return self.con.execute(sql, parameters)  # type: ignore[arg-type]
ResourceWarning: Enable tracemalloc to get the object allocation traceback
C:\Users\Tahir\AppData\Roaming\Python\Python314\site-packages\coverage\sqlitedb.py:122: ResourceWarning: unclosed database in <sqlite3.Connection object at 0x0000021EC5A48220>
  return self.con.execute(sql, parameters)  # type: ignore[arg-type]
ResourceWarning: Enable tracemalloc to get the object allocation traceback
C:\Users\Tahir\AppData\Roaming\Python\Python314\site-packages\coverage\sqlitedb.py:122: ResourceWarning: unclosed database in <sqlite3.Connection object at 0x0000021EC5A49210>
  return self.con.execute(sql, parameters)  # type: ignore[arg-type]
ResourceWarning: Enable tracemalloc to get the object allocation traceback
C:\Users\Tahir\AppData\Roaming\Python\Python314\site-packages\coverage\sqlitedb.py:122: ResourceWarning: unclosed database in <sqlite3.Connection object at 0x0000021EC5A488B0>
  return self.con.execute(sql, parameters)  # type: ignore[arg-type]
ResourceWarning: Enable tracemalloc to get the object allocation traceback
C:\Python314\Lib\collections\__init__.py:455: ResourceWarning: unclosed database in <sqlite3.Connection object at 0x0000021EA86EDA80>
  result = tuple_new(cls, iterable)
ResourceWarning: Enable tracemalloc to get the object allocation traceback
C:\Python314\Lib\collections\__init__.py:455: ResourceWarning: unclosed database in <sqlite3.Connection object at 0x0000021ED33E4220>
  result = tuple_new(cls, iterable)
ResourceWarning: Enable tracemalloc to get the object allocation traceback
                        [100%]
============================== warnings summary ===============================
..\..\..\AppData\Roaming\Python\Python314\site-packages\fastapi\testclient.py:1
  C:\Users\Tahir\AppData\Roaming\Python\Python314\site-packages\fastapi\testclient.py:1: StarletteDeprecationWarning: Using `httpx` with `starlette.testclient` is deprecated; install `httpx2` instead.
    from starlette.testclient import TestClient as TestClient  # noqa

tests/integration/test_ai_journey_e2e.py::test_ai_journey_e2e_complete_workflow
tests/integration/test_ai_journey_e2e.py::test_ai_journey_e2e_complete_workflow
tests/unit/test_ai_eval_fixtures.py::test_tst_ai_04_06_draft_versioning_and_provenance
tests/unit/test_ai_eval_fixtures.py::test_tst_ai_04_06_draft_versioning_and_provenance
tests/unit/test_ai_provenance.py::test_ai_provenance_version_retention_and_approval
tests/unit/test_ai_provenance.py::test_ai_provenance_version_retention_and_approval
  C:\Users\Tahir\Documents\GitHub\finalFPA\app\engine\ai\provenance.py:51: DeprecationWarning: datetime.datetime.utcnow() is deprecated and scheduled for removal in a future version. Use timezone-aware objects to represent datetimes in UTC: datetime.datetime.now(datetime.UTC).
    timestamp = datetime.utcnow().isoformat()

tests/integration/test_ai_journey_e2e.py::test_ai_journey_e2e_complete_workflow
tests/unit/test_ai_eval_fixtures.py::test_tst_ai_10_12_token_cap_and_keyless_fallback
tests/unit/test_ai_usage.py::test_ai_usage_store_and_cap_enforcement
  C:\Users\Tahir\Documents\GitHub\finalFPA\app\engine\ai\usage.py:62: DeprecationWarning: datetime.datetime.utcnow() is deprecated and scheduled for removal in a future version. Use timezone-aware objects to represent datetimes in UTC: datetime.datetime.now(datetime.UTC).
    timestamp = datetime.utcnow().isoformat()

tests/integration/test_api.py::test_import_xlsx_control_totals_acceptance_endpoint
  C:\Users\Tahir\AppData\Roaming\Python\Python314\site-packages\fastapi\routing.py:416: ResourceWarning: unclosed database in <sqlite3.Connection object at 0x0000021EA6B12F20>
    async def app(request: Request) -> Response:
  Enable tracemalloc to get traceback where the object was allocated.
  See https://docs.pytest.org/en/stable/how-to/capture-warnings.html#resource-warnings for more info.

tests/integration/test_api.py::test_import_xlsx_control_totals_acceptance_endpoint
  C:\Users\Tahir\AppData\Roaming\Python\Python314\site-packages\fastapi\routing.py:416: ResourceWarning: unclosed database in <sqlite3.Connection object at 0x0000021EA6B13D30>
    async def app(request: Request) -> Response:
  Enable tracemalloc to get traceback where the object was allocated.
  See https://docs.pytest.org/en/stable/how-to/capture-warnings.html#resource-warnings for more info.

tests/integration/test_api.py::test_import_xlsx_control_totals_acceptance_endpoint
  C:\Users\Tahir\AppData\Roaming\Python\Python314\site-packages\fastapi\routing.py:416: ResourceWarning: unclosed database in <sqlite3.Connection object at 0x0000021EA6B131F0>
    async def app(request: Request) -> Response:
  Enable tracemalloc to get traceback where the object was allocated.
  See https://docs.pytest.org/en/stable/how-to/capture-warnings.html#resource-warnings for more info.

tests/integration/test_api.py::test_import_xlsx_control_totals_acceptance_endpoint
  C:\Users\Tahir\AppData\Roaming\Python\Python314\site-packages\fastapi\routing.py:416: ResourceWarning: unclosed database in <sqlite3.Connection object at 0x0000021EA6B114E0>
    async def app(request: Request) -> Response:
  Enable tracemalloc to get traceback where the object was allocated.
  See https://docs.pytest.org/en/stable/how-to/capture-warnings.html#resource-warnings for more info.

tests/integration/test_api.py::test_import_xlsx_control_totals_acceptance_endpoint
  C:\Users\Tahir\AppData\Roaming\Python\Python314\site-packages\fastapi\routing.py:416: ResourceWarning: unclosed database in <sqlite3.Connection object at 0x0000021EA6B13010>
    async def app(request: Request) -> Response:
  Enable tracemalloc to get traceback where the object was allocated.
  See https://docs.pytest.org/en/stable/how-to/capture-warnings.html#resource-warnings for more info.

tests/integration/test_api.py::test_import_xlsx_control_totals_acceptance_endpoint
  C:\Users\Tahir\AppData\Roaming\Python\Python314\site-packages\fastapi\routing.py:416: ResourceWarning: unclosed database in <sqlite3.Connection object at 0x0000021EA6B13100>
    async def app(request: Request) -> Response:
  Enable tracemalloc to get traceback where the object was allocated.
  See https://docs.pytest.org/en/stable/how-to/capture-warnings.html#resource-warnings for more info.

tests/integration/test_api.py::test_import_xlsx_control_totals_acceptance_endpoint
  C:\Users\Tahir\AppData\Roaming\Python\Python314\site-packages\fastapi\routing.py:416: ResourceWarning: unclosed database in <sqlite3.Connection object at 0x0000021EA6B133D0>
    async def app(request: Request) -> Response:
  Enable tracemalloc to get traceback where the object was allocated.
  See https://docs.pytest.org/en/stable/how-to/capture-warnings.html#resource-warnings for more info.

tests/integration/test_api.py::test_import_xlsx_control_totals_acceptance_endpoint
  C:\Users\Tahir\AppData\Roaming\Python\Python314\site-packages\fastapi\routing.py:416: ResourceWarning: unclosed database in <sqlite3.Connection object at 0x0000021EA6B115D0>
    async def app(request: Request) -> Response:
  Enable tracemalloc to get traceback where the object was allocated.
  See https://docs.pytest.org/en/stable/how-to/capture-warnings.html#resource-warnings for more info.

tests/integration/test_api.py::test_import_xlsx_control_totals_acceptance_endpoint
  C:\Users\Tahir\AppData\Roaming\Python\Python314\site-packages\fastapi\routing.py:416: ResourceWarning: unclosed database in <sqlite3.Connection object at 0x0000021EA6B10220>
    async def app(request: Request) -> Response:
  Enable tracemalloc to get traceback where the object was allocated.
  See https://docs.pytest.org/en/stable/how-to/capture-warnings.html#resource-warnings for more info.

tests/integration/test_api.py::test_import_xlsx_control_totals_acceptance_endpoint
  C:\Users\Tahir\AppData\Roaming\Python\Python314\site-packages\fastapi\routing.py:416: ResourceWarning: unclosed database in <sqlite3.Connection object at 0x0000021EA6B13A60>
    async def app(request: Request) -> Response:
  Enable tracemalloc to get traceback where the object was allocated.
  See https://docs.pytest.org/en/stable/how-to/capture-warnings.html#resource-warnings for more info.

tests/integration/test_api.py::test_import_xlsx_control_totals_acceptance_endpoint
  C:\Users\Tahir\AppData\Roaming\Python\Python314\site-packages\fastapi\routing.py:416: ResourceWarning: unclosed database in <sqlite3.Connection object at 0x0000021EA6B13880>
    async def app(request: Request) -> Response:
  Enable tracemalloc to get traceback where the object was allocated.
  See https://docs.pytest.org/en/stable/how-to/capture-warnings.html#resource-warnings for more info.

tests/integration/test_api.py::test_import_xlsx_control_totals_acceptance_endpoint
  C:\Users\Tahir\AppData\Roaming\Python\Python314\site-packages\fastapi\routing.py:416: ResourceWarning: unclosed database in <sqlite3.Connection object at 0x0000021EA6B13790>
    async def app(request: Request) -> Response:
  Enable tracemalloc to get traceback where the object was allocated.
  See https://docs.pytest.org/en/stable/how-to/capture-warnings.html#resource-warnings for more info.

tests/integration/test_api.py::test_import_xlsx_control_totals_acceptance_endpoint
  C:\Users\Tahir\AppData\Roaming\Python\Python314\site-packages\fastapi\routing.py:416: ResourceWarning: unclosed database in <sqlite3.Connection object at 0x0000021EA6B136A0>
    async def app(request: Request) -> Response:
  Enable tracemalloc to get traceback where the object was allocated.
  See https://docs.pytest.org/en/stable/how-to/capture-warnings.html#resource-warnings for more info.

tests/integration/test_api.py::test_import_xlsx_control_totals_acceptance_endpoint
  C:\Users\Tahir\AppData\Roaming\Python\Python314\site-packages\fastapi\routing.py:416: ResourceWarning: unclosed database in <sqlite3.Connection object at 0x0000021EA6B13B50>
    async def app(request: Request) -> Response:
  Enable tracemalloc to get traceback where the object was allocated.
  See https://docs.pytest.org/en/stable/how-to/capture-warnings.html#resource-warnings for more info.

tests/integration/test_api.py::test_import_xlsx_control_totals_acceptance_endpoint
  C:\Users\Tahir\AppData\Roaming\Python\Python314\site-packages\fastapi\routing.py:416: ResourceWarning: unclosed database in <sqlite3.Connection object at 0x0000021EA6B13970>
    async def app(request: Request) -> Response:
  Enable tracemalloc to get traceback where the object was allocated.
  See https://docs.pytest.org/en/stable/how-to/capture-warnings.html#resource-warnings for more info.

tests/integration/test_api.py::test_import_xlsx_control_totals_acceptance_endpoint
  C:\Users\Tahir\AppData\Roaming\Python\Python314\site-packages\fastapi\routing.py:416: ResourceWarning: unclosed database in <sqlite3.Connection object at 0x0000021EA6B13C40>
    async def app(request: Request) -> Response:
  Enable tracemalloc to get traceback where the object was allocated.
  See https://docs.pytest.org/en/stable/how-to/capture-warnings.html#resource-warnings for more info.

tests/integration/test_api.py::test_import_xlsx_control_totals_acceptance_endpoint
  C:\Users\Tahir\AppData\Roaming\Python\Python314\site-packages\fastapi\routing.py:416: ResourceWarning: unclosed database in <sqlite3.Connection object at 0x0000021EA6B13F10>
    async def app(request: Request) -> Response:
  Enable tracemalloc to get traceback where the object was allocated.
  See https://docs.pytest.org/en/stable/how-to/capture-warnings.html#resource-warnings for more info.

tests/integration/test_api.py::test_import_xlsx_control_totals_acceptance_endpoint
  C:\Users\Tahir\AppData\Roaming\Python\Python314\site-packages\fastapi\routing.py:416: ResourceWarning: unclosed database in <sqlite3.Connection object at 0x0000021EA6B12E30>
    async def app(request: Request) -> Response:
  Enable tracemalloc to get traceback where the object was allocated.
  See https://docs.pytest.org/en/stable/how-to/capture-warnings.html#resource-warnings for more info.

tests/integration/test_api.py::test_import_xlsx_control_totals_acceptance_endpoint
  <frozen importlib._bootstrap_external>:511: ResourceWarning: unclosed database in <sqlite3.Connection object at 0x0000021EA69F86D0>
  Enable tracemalloc to get traceback where the object was allocated.
  See https://docs.pytest.org/en/stable/how-to/capture-warnings.html#resource-warnings for more info.

tests/integration/test_api.py::test_variance_demo_unauthorized
  C:\Users\Tahir\AppData\Roaming\Python\Python314\site-packages\anyio\abc\_tasks.py:63: ResourceWarning: unclosed database in <sqlite3.Connection object at 0x0000021EA69F93F0>
    coro = func(*args, **kwargs)
  Enable tracemalloc to get traceback where the object was allocated.
  See https://docs.pytest.org/en/stable/how-to/capture-warnings.html#resource-warnings for more info.

tests/integration/test_api.py::test_bva_live_with_budget_file
  C:\Users\Tahir\Documents\GitHub\finalFPA\app\engine\imports\parser.py:645: ResourceWarning: unclosed database in <sqlite3.Connection object at 0x0000021EA69FA2F0>
    if not row or all(c.strip() == "" for c in row):
  Enable tracemalloc to get traceback where the object was allocated.
  See https://docs.pytest.org/en/stable/how-to/capture-warnings.html#resource-warnings for more info.

tests/integration/test_api.py::test_bva_live_with_budget_file
  C:\Users\Tahir\Documents\GitHub\finalFPA\app\engine\imports\parser.py:645: ResourceWarning: unclosed database in <sqlite3.Connection object at 0x0000021EA69F9300>
    if not row or all(c.strip() == "" for c in row):
  Enable tracemalloc to get traceback where the object was allocated.
  See https://docs.pytest.org/en/stable/how-to/capture-warnings.html#resource-warnings for more info.

tests/integration/test_api.py::test_bva_live_with_budget_file
  C:\Users\Tahir\Documents\GitHub\finalFPA\app\engine\imports\parser.py:645: ResourceWarning: unclosed database in <sqlite3.Connection object at 0x0000021EA85185E0>
    if not row or all(c.strip() == "" for c in row):
  Enable tracemalloc to get traceback where the object was allocated.
  See https://docs.pytest.org/en/stable/how-to/capture-warnings.html#resource-warnings for more info.

tests/integration/test_api.py::test_bva_live_with_budget_file
  C:\Users\Tahir\Documents\GitHub\finalFPA\app\engine\imports\parser.py:645: ResourceWarning: unclosed database in <sqlite3.Connection object at 0x0000021EA69FB4C0>
    if not row or all(c.strip() == "" for c in row):
  Enable tracemalloc to get traceback where the object was allocated.
  See https://docs.pytest.org/en/stable/how-to/capture-warnings.html#resource-warnings for more info.

tests/integration/test_api.py::test_bva_live_with_budget_file
  C:\Users\Tahir\Documents\GitHub\finalFPA\app\engine\imports\parser.py:645: ResourceWarning: unclosed database in <sqlite3.Connection object at 0x0000021EA85184F0>
    if not row or all(c.strip() == "" for c in row):
  Enable tracemalloc to get traceback where the object was allocated.
  See https://docs.pytest.org/en/stable/how-to/capture-warnings.html#resource-warnings for more info.

tests/integration/test_api.py::test_bva_live_with_budget_file
  C:\Users\Tahir\Documents\GitHub\finalFPA\app\engine\imports\parser.py:645: ResourceWarning: unclosed database in <sqlite3.Connection object at 0x0000021EA69FBD30>
    if not row or all(c.strip() == "" for c in row):
  Enable tracemalloc to get traceback where the object was allocated.
  See https://docs.pytest.org/en/stable/how-to/capture-warnings.html#resource-warnings for more info.

tests/integration/test_api.py::test_bva_live_with_budget_file
  C:\Users\Tahir\Documents\GitHub\finalFPA\app\engine\imports\parser.py:645: ResourceWarning: unclosed database in <sqlite3.Connection object at 0x0000021EA83CF4C0>
    if not row or all(c.strip() == "" for c in row):
  Enable tracemalloc to get traceback where the object was allocated.
  See https://docs.pytest.org/en/stable/how-to/capture-warnings.html#resource-warnings for more info.

tests/integration/test_api.py::test_bva_live_with_budget_file
  C:\Users\Tahir\Documents\GitHub\finalFPA\app\engine\imports\parser.py:645: ResourceWarning: unclosed database in <sqlite3.Connection object at 0x0000021EA8518310>
    if not row or all(c.strip() == "" for c in row):
  Enable tracemalloc to get traceback where the object was allocated.
  See https://docs.pytest.org/en/stable/how-to/capture-warnings.html#resource-warnings for more info.

tests/integration/test_api.py::test_bva_live_with_budget_file
  C:\Users\Tahir\Documents\GitHub\finalFPA\app\engine\imports\parser.py:645: ResourceWarning: unclosed database in <sqlite3.Connection object at 0x0000021EA83CFE20>
    if not row or all(c.strip() == "" for c in row):
  Enable tracemalloc to get traceback where the object was allocated.
  See https://docs.pytest.org/en/stable/how-to/capture-warnings.html#resource-warnings for more info.

tests/integration/test_api.py::test_bva_live_with_budget_file
  C:\Users\Tahir\Documents\GitHub\finalFPA\app\engine\imports\parser.py:645: ResourceWarning: unclosed database in <sqlite3.Connection object at 0x0000021EA69F8310>
    if not row or all(c.strip() == "" for c in row):
  Enable tracemalloc to get traceback where the object was allocated.
  See https://docs.pytest.org/en/stable/how-to/capture-warnings.html#resource-warnings for more info.

tests/integration/test_api.py::test_bva_live_with_budget_file
  C:\Users\Tahir\Documents\GitHub\finalFPA\app\engine\imports\parser.py:645: ResourceWarning: unclosed database in <sqlite3.Connection object at 0x0000021EA8518A90>
    if not row or all(c.strip() == "" for c in row):
  Enable tracemalloc to get traceback where the object was allocated.
  See https://docs.pytest.org/en/stable/how-to/capture-warnings.html#resource-warnings for more info.

tests/integration/test_api.py::test_exceptions_endpoints_workflow
tests/integration/test_cli_exceptions.py::test_cli_exceptions_run_smoke
tests/integration/test_cli_exceptions.py::test_cli_exceptions_run_uses_default_as_of_from_period
tests/integration/test_cli_exceptions.py::test_cli_exceptions_run_accepts_explicit_as_of
  C:\Users\Tahir\Documents\GitHub\finalFPA\app\engine\store\exceptions_repo.py:341: DeprecationWarning: datetime.datetime.utcnow() is deprecated and scheduled for removal in a future version. Use timezone-aware objects to represent datetimes in UTC: datetime.datetime.now(datetime.UTC).
    now_str = datetime.utcnow().strftime("%Y-%m-%d %H:%M:%S")

tests/integration/test_api.py::test_exceptions_endpoints_workflow
  C:\Users\Tahir\Documents\GitHub\finalFPA\app\engine\store\exceptions_repo.py:777: DeprecationWarning: datetime.datetime.utcnow() is deprecated and scheduled for removal in a future version. Use timezone-aware objects to represent datetimes in UTC: datetime.datetime.now(datetime.UTC).
    now_str = datetime.utcnow().strftime("%Y-%m-%d %H:%M:%S")

tests/integration/test_api.py::test_exceptions_endpoints_workflow
  C:\Users\Tahir\Documents\GitHub\finalFPA\app\engine\store\exceptions_repo.py:847: DeprecationWarning: datetime.datetime.utcnow() is deprecated and scheduled for removal in a future version. Use timezone-aware objects to represent datetimes in UTC: datetime.datetime.now(datetime.UTC).
    now_str = datetime.utcnow().strftime("%Y-%m-%d %H:%M:%S")

tests/integration/test_api.py::test_reports_and_issuance_workflow
  C:\Users\Tahir\AppData\Roaming\Python\Python314\site-packages\openpyxl\descriptors\serialisable.py:160: ResourceWarning: unclosed database in <sqlite3.Connection object at 0x0000021EA85187C0>
    def __iter__(self):
  Enable tracemalloc to get traceback where the object was allocated.
  See https://docs.pytest.org/en/stable/how-to/capture-warnings.html#resource-warnings for more info.

tests/integration/test_api.py::test_reports_and_issuance_workflow
  C:\Users\Tahir\AppData\Roaming\Python\Python314\site-packages\openpyxl\descriptors\serialisable.py:160: ResourceWarning: unclosed database in <sqlite3.Connection object at 0x0000021EA83CE5C0>
    def __iter__(self):
  Enable tracemalloc to get traceback where the object was allocated.
  See https://docs.pytest.org/en/stable/how-to/capture-warnings.html#resource-warnings for more info.

tests/integration/test_api.py::test_reports_and_issuance_workflow
  C:\Users\Tahir\AppData\Roaming\Python\Python314\site-packages\openpyxl\descriptors\serialisable.py:160: ResourceWarning: unclosed database in <sqlite3.Connection object at 0x0000021EA83CF880>
    def __iter__(self):
  Enable tracemalloc to get traceback where the object was allocated.
  See https://docs.pytest.org/en/stable/how-to/capture-warnings.html#resource-warnings for more info.

tests/integration/test_api.py::test_reports_and_issuance_workflow
  C:\Users\Tahir\AppData\Roaming\Python\Python314\site-packages\openpyxl\descriptors\serialisable.py:160: ResourceWarning: unclosed database in <sqlite3.Connection object at 0x0000021EA83CEF20>
    def __iter__(self):
  Enable tracemalloc to get traceback where the object was allocated.
  See https://docs.pytest.org/en/stable/how-to/capture-warnings.html#resource-warnings for more info.

tests/integration/test_api.py::test_reports_and_issuance_workflow
  C:\Users\Tahir\AppData\Roaming\Python\Python314\site-packages\openpyxl\descriptors\serialisable.py:160: ResourceWarning: unclosed database in <sqlite3.Connection object at 0x0000021EA8518B80>
    def __iter__(self):
  Enable tracemalloc to get traceback where the object was allocated.
  See https://docs.pytest.org/en/stable/how-to/capture-warnings.html#resource-warnings for more info.

tests/integration/test_api.py::test_reports_and_issuance_workflow
  C:\Users\Tahir\AppData\Roaming\Python\Python314\site-packages\openpyxl\descriptors\serialisable.py:160: ResourceWarning: unclosed database in <sqlite3.Connection object at 0x0000021EA8518130>
    def __iter__(self):
  Enable tracemalloc to get traceback where the object was allocated.
  See https://docs.pytest.org/en/stable/how-to/capture-warnings.html#resource-warnings for more info.

tests/integration/test_api.py::test_reports_and_issuance_workflow
  C:\Users\Tahir\AppData\Roaming\Python\Python314\site-packages\openpyxl\descriptors\serialisable.py:160: ResourceWarning: unclosed database in <sqlite3.Connection object at 0x0000021EA8518D60>
    def __iter__(self):
  Enable tracemalloc to get traceback where the object was allocated.
  See https://docs.pytest.org/en/stable/how-to/capture-warnings.html#resource-warnings for more info.

tests/integration/test_api.py::test_reports_and_issuance_workflow
  C:\Users\Tahir\AppData\Roaming\Python\Python314\site-packages\openpyxl\descriptors\serialisable.py:160: ResourceWarning: unclosed database in <sqlite3.Connection object at 0x0000021EA8518E50>
    def __iter__(self):
  Enable tracemalloc to get traceback where the object was allocated.
  See https://docs.pytest.org/en/stable/how-to/capture-warnings.html#resource-warnings for more info.

tests/integration/test_api.py::test_reports_and_issuance_workflow
  C:\Users\Tahir\AppData\Roaming\Python\Python314\site-packages\openpyxl\descriptors\serialisable.py:160: ResourceWarning: unclosed database in <sqlite3.Connection object at 0x0000021EA83CE2F0>
    def __iter__(self):
  Enable tracemalloc to get traceback where the object was allocated.
  See https://docs.pytest.org/en/stable/how-to/capture-warnings.html#resource-warnings for more info.

tests/integration/test_api.py::test_reports_and_issuance_workflow
  C:\Users\Tahir\AppData\Roaming\Python\Python314\site-packages\openpyxl\descriptors\serialisable.py:160: ResourceWarning: unclosed database in <sqlite3.Connection object at 0x0000021EA83CE3E0>
    def __iter__(self):
  Enable tracemalloc to get traceback where the object was allocated.
  See https://docs.pytest.org/en/stable/how-to/capture-warnings.html#resource-warnings for more info.

tests/integration/test_api.py::test_reports_and_issuance_workflow
  C:\Users\Tahir\AppData\Roaming\Python\Python314\site-packages\openpyxl\descriptors\serialisable.py:160: ResourceWarning: unclosed database in <sqlite3.Connection object at 0x0000021EA8518400>
    def __iter__(self):
  Enable tracemalloc to get traceback where the object was allocated.
  See https://docs.pytest.org/en/stable/how-to/capture-warnings.html#resource-warnings for more info.

tests/integration/test_api.py::test_reports_and_issuance_workflow
  C:\Users\Tahir\AppData\Roaming\Python\Python314\site-packages\openpyxl\descriptors\serialisable.py:160: ResourceWarning: unclosed database in <sqlite3.Connection object at 0x0000021EA85197B0>
    def __iter__(self):
  Enable tracemalloc to get traceback where the object was allocated.
  See https://docs.pytest.org/en/stable/how-to/capture-warnings.html#resource-warnings for more info.

tests/integration/test_api.py::test_reports_and_issuance_workflow
  C:\Users\Tahir\AppData\Roaming\Python\Python314\site-packages\openpyxl\descriptors\serialisable.py:160: ResourceWarning: unclosed database in <sqlite3.Connection object at 0x0000021EA8519E40>
    def __iter__(self):
  Enable tracemalloc to get traceback where the object was allocated.
  See https://docs.pytest.org/en/stable/how-to/capture-warnings.html#resource-warnings for more info.

tests/integration/test_api.py::test_reports_and_issuance_workflow
  C:\Users\Tahir\AppData\Roaming\Python\Python314\site-packages\openpyxl\descriptors\serialisable.py:160: ResourceWarning: unclosed database in <sqlite3.Connection object at 0x0000021EA8519F30>
    def __iter__(self):
  Enable tracemalloc to get traceback where the object was allocated.
  See https://docs.pytest.org/en/stable/how-to/capture-warnings.html#resource-warnings for more info.

tests/integration/test_api.py::test_reports_and_issuance_workflow
  C:\Users\Tahir\AppData\Roaming\Python\Python314\site-packages\openpyxl\descriptors\serialisable.py:160: ResourceWarning: unclosed database in <sqlite3.Connection object at 0x0000021EA85196C0>
    def __iter__(self):
  Enable tracemalloc to get traceback where the object was allocated.
  See https://docs.pytest.org/en/stable/how-to/capture-warnings.html#resource-warnings for more info.

tests/integration/test_api.py::test_reports_and_issuance_workflow
  C:\Users\Tahir\AppData\Roaming\Python\Python314\site-packages\openpyxl\descriptors\serialisable.py:160: ResourceWarning: unclosed database in <sqlite3.Connection object at 0x0000021EA83CE980>
    def __iter__(self):
  Enable tracemalloc to get traceback where the object was allocated.
  See https://docs.pytest.org/en/stable/how-to/capture-warnings.html#resource-warnings for more info.

tests/integration/test_api.py::test_reports_and_issuance_workflow
  C:\Users\Tahir\AppData\Roaming\Python\Python314\site-packages\openpyxl\descriptors\serialisable.py:160: ResourceWarning: unclosed database in <sqlite3.Connection object at 0x0000021EA851A2F0>
    def __iter__(self):
  Enable tracemalloc to get traceback where the object was allocated.
  See https://docs.pytest.org/en/stable/how-to/capture-warnings.html#resource-warnings for more info.

tests/integration/test_api_contract.py::test_api_contract_bootstrap_and_health
  C:\Users\Tahir\AppData\Roaming\Python\Python314\site-packages\pydantic\type_adapter.py:253: ResourceWarning: unclosed database in <sqlite3.Connection object at 0x0000021EA85195D0>
    frame = sys._getframe(self._parent_depth)
  Enable tracemalloc to get traceback where the object was allocated.
  See https://docs.pytest.org/en/stable/how-to/capture-warnings.html#resource-warnings for more info.

tests/integration/test_api_contract.py::test_api_contract_bootstrap_and_health
  C:\Users\Tahir\AppData\Roaming\Python\Python314\site-packages\pydantic\type_adapter.py:253: ResourceWarning: unclosed database in <sqlite3.Connection object at 0x0000021EA8519D50>
    frame = sys._getframe(self._parent_depth)
  Enable tracemalloc to get traceback where the object was allocated.
  See https://docs.pytest.org/en/stable/how-to/capture-warnings.html#resource-warnings for more info.

tests/integration/test_api_contract.py::test_api_contract_bootstrap_and_health
  C:\Users\Tahir\AppData\Roaming\Python\Python314\site-packages\pydantic\type_adapter.py:253: ResourceWarning: unclosed database in <sqlite3.Connection object at 0x0000021EA85198A0>
    frame = sys._getframe(self._parent_depth)
  Enable tracemalloc to get traceback where the object was allocated.
  See https://docs.pytest.org/en/stable/how-to/capture-warnings.html#resource-warnings for more info.

tests/integration/test_api_contract.py::test_api_contract_bootstrap_and_health
  C:\Users\Tahir\AppData\Roaming\Python\Python314\site-packages\pydantic\type_adapter.py:253: ResourceWarning: unclosed database in <sqlite3.Connection object at 0x0000021EA8519B70>
    frame = sys._getframe(self._parent_depth)
  Enable tracemalloc to get traceback where the object was allocated.
  See https://docs.pytest.org/en/stable/how-to/capture-warnings.html#resource-warnings for more info.

tests/integration/test_api_contract.py::test_api_contract_bootstrap_and_health
  C:\Users\Tahir\AppData\Roaming\Python\Python314\site-packages\pydantic\type_adapter.py:253: ResourceWarning: unclosed database in <sqlite3.Connection object at 0x0000021EA851BA60>
    frame = sys._getframe(self._parent_depth)
  Enable tracemalloc to get traceback where the object was allocated.
  See https://docs.pytest.org/en/stable/how-to/capture-warnings.html#resource-warnings for more info.

tests/integration/test_api_contract.py::test_api_contract_bootstrap_and_health
  C:\Users\Tahir\AppData\Roaming\Python\Python314\site-packages\pydantic\type_adapter.py:253: ResourceWarning: unclosed database in <sqlite3.Connection object at 0x0000021EA851B4C0>
    frame = sys._getframe(self._parent_depth)
  Enable tracemalloc to get traceback where the object was allocated.
  See https://docs.pytest.org/en/stable/how-to/capture-warnings.html#resource-warnings for more info.

tests/integration/test_api_contract.py::test_api_contract_bootstrap_and_health
  C:\Users\Tahir\AppData\Roaming\Python\Python314\site-packages\pydantic\type_adapter.py:253: ResourceWarning: unclosed database in <sqlite3.Connection object at 0x0000021EA851BC40>
    frame = sys._getframe(self._parent_depth)
  Enable tracemalloc to get traceback where the object was allocated.
  See https://docs.pytest.org/en/stable/how-to/capture-warnings.html#resource-warnings for more info.

tests/integration/test_api_contract.py::test_api_contract_bootstrap_and_health
  C:\Users\Tahir\AppData\Roaming\Python\Python314\site-packages\pydantic\type_adapter.py:253: ResourceWarning: unclosed database in <sqlite3.Connection object at 0x0000021EA86EC5E0>
    frame = sys._getframe(self._parent_depth)
  Enable tracemalloc to get traceback where the object was allocated.
  See https://docs.pytest.org/en/stable/how-to/capture-warnings.html#resource-warnings for more info.

tests/integration/test_api_contract.py::test_api_contract_bootstrap_and_health
  C:\Users\Tahir\AppData\Roaming\Python\Python314\site-packages\pydantic\type_adapter.py:253: ResourceWarning: unclosed database in <sqlite3.Connection object at 0x0000021EA86ECC70>
    frame = sys._getframe(self._parent_depth)
  Enable tracemalloc to get traceback where the object was allocated.
  See https://docs.pytest.org/en/stable/how-to/capture-warnings.html#resource-warnings for more info.

tests/integration/test_api_contract.py::test_api_contract_bootstrap_and_health
  C:\Users\Tahir\AppData\Roaming\Python\Python314\site-packages\pydantic\type_adapter.py:253: ResourceWarning: unclosed database in <sqlite3.Connection object at 0x0000021EA83CF1F0>
    frame = sys._getframe(self._parent_depth)
  Enable tracemalloc to get traceback where the object was allocated.
  See https://docs.pytest.org/en/stable/how-to/capture-warnings.html#resource-warnings for more info.

tests/integration/test_api_contract.py::test_api_contract_periods
  C:\Users\Tahir\AppData\Roaming\Python\Python314\site-packages\pydantic\_internal\_generate_schema.py:2412: ResourceWarning: unclosed database in <sqlite3.Connection object at 0x0000021EA69F85E0>
    def _get_wrapped_inner_schema(
  Enable tracemalloc to get traceback where the object was allocated.
  See https://docs.pytest.org/en/stable/how-to/capture-warnings.html#resource-warnings for more info.

tests/integration/test_api_contract.py::test_api_contract_bva_and_three_way
  C:\Users\Tahir\AppData\Roaming\Python\Python314\site-packages\pydantic\fields.py:257: ResourceWarning: unclosed database in <sqlite3.Connection object at 0x0000021EA8518040>
    alias_is_set = any(alias is not None for alias in (self.alias, self.validation_alias, self.serialization_alias))
  Enable tracemalloc to get traceback where the object was allocated.
  See https://docs.pytest.org/en/stable/how-to/capture-warnings.html#resource-warnings for more info.

tests/integration/test_api_contract.py::test_api_contract_bva_and_three_way
  C:\Users\Tahir\AppData\Roaming\Python\Python314\site-packages\pydantic\fields.py:257: ResourceWarning: unclosed database in <sqlite3.Connection object at 0x0000021EA83CF5B0>
    alias_is_set = any(alias is not None for alias in (self.alias, self.validation_alias, self.serialization_alias))
  Enable tracemalloc to get traceback where the object was allocated.
  See https://docs.pytest.org/en/stable/how-to/capture-warnings.html#resource-warnings for more info.

tests/integration/test_api_contract.py::test_api_contract_exceptions
  C:\Users\Tahir\AppData\Roaming\Python\Python314\site-packages\fastapi\routing.py:385: ResourceWarning: unclosed database in <sqlite3.Connection object at 0x0000021EA851A6B0>
    def get_request_handler(
  Enable tracemalloc to get traceback where the object was allocated.
  See https://docs.pytest.org/en/stable/how-to/capture-warnings.html#resource-warnings for more info.

tests/integration/test_api_contract.py::test_api_contract_exceptions
  C:\Users\Tahir\AppData\Roaming\Python\Python314\site-packages\fastapi\routing.py:385: ResourceWarning: unclosed database in <sqlite3.Connection object at 0x0000021EA851AC50>
    def get_request_handler(
  Enable tracemalloc to get traceback where the object was allocated.
  See https://docs.pytest.org/en/stable/how-to/capture-warnings.html#resource-warnings for more info.

tests/integration/test_api_contract.py::test_api_contract_exceptions
  C:\Users\Tahir\AppData\Roaming\Python\Python314\site-packages\fastapi\routing.py:385: ResourceWarning: unclosed database in <sqlite3.Connection object at 0x0000021EA83CFA60>
    def get_request_handler(
  Enable tracemalloc to get traceback where the object was allocated.
  See https://docs.pytest.org/en/stable/how-to/capture-warnings.html#resource-warnings for more info.

tests/integration/test_api_contract.py::test_api_contract_forecast_versions
  C:\Users\Tahir\AppData\Roaming\Python\Python314\site-packages\pydantic\_internal\_generate_schema.py:2412: ResourceWarning: unclosed database in <sqlite3.Connection object at 0x0000021EA85186D0>
    def _get_wrapped_inner_schema(
  Enable tracemalloc to get traceback where the object was allocated.
  See https://docs.pytest.org/en/stable/how-to/capture-warnings.html#resource-warnings for more info.

tests/integration/test_api_contract.py::test_api_contract_forecast_versions
  C:\Users\Tahir\AppData\Roaming\Python\Python314\site-packages\pydantic\_internal\_generate_schema.py:2412: ResourceWarning: unclosed database in <sqlite3.Connection object at 0x0000021EA6B118A0>
    def _get_wrapped_inner_schema(
  Enable tracemalloc to get traceback where the object was allocated.
  See https://docs.pytest.org/en/stable/how-to/capture-warnings.html#resource-warnings for more info.

tests/integration/test_api_contract.py::test_api_contract_packs
  C:\Python314\Lib\copy.py:62: ResourceWarning: unclosed database in <sqlite3.Connection object at 0x0000021EA83CEA70>
    def copy(x):
  Enable tracemalloc to get traceback where the object was allocated.
  See https://docs.pytest.org/en/stable/how-to/capture-warnings.html#resource-warnings for more info.

tests/integration/test_api_contract.py::test_api_contract_ai_usage
  C:\Users\Tahir\AppData\Roaming\Python\Python314\site-packages\pydantic\fields.py:257: ResourceWarning: unclosed database in <sqlite3.Connection object at 0x0000021EA851A980>
    alias_is_set = any(alias is not None for alias in (self.alias, self.validation_alias, self.serialization_alias))
  Enable tracemalloc to get traceback where the object was allocated.
  See https://docs.pytest.org/en/stable/how-to/capture-warnings.html#resource-warnings for more info.

tests/integration/test_api_contract.py::test_api_contract_ai_usage
  C:\Users\Tahir\AppData\Roaming\Python\Python314\site-packages\pydantic\fields.py:257: ResourceWarning: unclosed database in <sqlite3.Connection object at 0x0000021EA6B12D40>
    alias_is_set = any(alias is not None for alias in (self.alias, self.validation_alias, self.serialization_alias))
  Enable tracemalloc to get traceback where the object was allocated.
  See https://docs.pytest.org/en/stable/how-to/capture-warnings.html#resource-warnings for more info.

tests/integration/test_api_contract.py::test_api_contract_search
  C:\Users\Tahir\AppData\Roaming\Python\Python314\site-packages\pydantic\fields.py:687: ResourceWarning: unclosed database in <sqlite3.Connection object at 0x0000021EA83CE110>
    continue
  Enable tracemalloc to get traceback where the object was allocated.
  See https://docs.pytest.org/en/stable/how-to/capture-warnings.html#resource-warnings for more info.

tests/integration/test_api_contract.py::test_api_contract_search
  C:\Users\Tahir\AppData\Roaming\Python\Python314\site-packages\pydantic\fields.py:687: ResourceWarning: unclosed database in <sqlite3.Connection object at 0x0000021EA851AD40>
    continue
  Enable tracemalloc to get traceback where the object was allocated.
  See https://docs.pytest.org/en/stable/how-to/capture-warnings.html#resource-warnings for more info.

tests/integration/test_api_contract.py::test_api_contract_search
  C:\Users\Tahir\AppData\Roaming\Python\Python314\site-packages\pydantic\fields.py:687: ResourceWarning: unclosed database in <sqlite3.Connection object at 0x0000021EA851A7A0>
    continue
  Enable tracemalloc to get traceback where the object was allocated.
  See https://docs.pytest.org/en/stable/how-to/capture-warnings.html#resource-warnings for more info.

tests/integration/test_api_contract.py::test_api_contract_search
  C:\Users\Tahir\AppData\Roaming\Python\Python314\site-packages\pydantic\fields.py:687: ResourceWarning: unclosed database in <sqlite3.Connection object at 0x0000021EA851AE30>
    continue
  Enable tracemalloc to get traceback where the object was allocated.
  See https://docs.pytest.org/en/stable/how-to/capture-warnings.html#resource-warnings for more info.

tests/integration/test_api_contract.py::test_api_contract_search
  C:\Users\Tahir\AppData\Roaming\Python\Python314\site-packages\pydantic\fields.py:687: ResourceWarning: unclosed database in <sqlite3.Connection object at 0x0000021EA83CF6A0>
    continue
  Enable tracemalloc to get traceback where the object was allocated.
  See https://docs.pytest.org/en/stable/how-to/capture-warnings.html#resource-warnings for more info.

tests/integration/test_cli_exceptions.py::test_deduplicated_run_does_not_duplicate_rule_findings
  C:\Users\Tahir\Documents\GitHub\finalFPA\app\engine\rules\rules_17_24.py:90: ResourceWarning: unclosed database in <sqlite3.Connection object at 0x0000021EA851A5C0>
    annual_consumption_pct = Decimal(str(cfg.get("EXC-019_annual_consumption_pct", "0.80")))  # 80%
  Enable tracemalloc to get traceback where the object was allocated.
  See https://docs.pytest.org/en/stable/how-to/capture-warnings.html#resource-warnings for more info.

tests/integration/test_cli_exceptions.py::test_deduplicated_run_does_not_duplicate_rule_findings
  C:\Users\Tahir\Documents\GitHub\finalFPA\app\engine\rules\rules_17_24.py:90: ResourceWarning: unclosed database in <sqlite3.Connection object at 0x0000021EA83CFC40>
    annual_consumption_pct = Decimal(str(cfg.get("EXC-019_annual_consumption_pct", "0.80")))  # 80%
  Enable tracemalloc to get traceback where the object was allocated.
  See https://docs.pytest.org/en/stable/how-to/capture-warnings.html#resource-warnings for more info.

tests/integration/test_cli_exceptions.py::test_deduplicated_run_does_not_duplicate_rule_findings
  C:\Users\Tahir\Documents\GitHub\finalFPA\app\engine\rules\rules_17_24.py:90: ResourceWarning: unclosed database in <sqlite3.Connection object at 0x0000021EA83CF010>
    annual_consumption_pct = Decimal(str(cfg.get("EXC-019_annual_consumption_pct", "0.80")))  # 80%
  Enable tracemalloc to get traceback where the object was allocated.
  See https://docs.pytest.org/en/stable/how-to/capture-warnings.html#resource-warnings for more info.

tests/integration/test_cli_exceptions.py::test_deduplicated_run_does_not_duplicate_rule_findings
  C:\Users\Tahir\Documents\GitHub\finalFPA\app\engine\rules\rules_17_24.py:90: ResourceWarning: unclosed database in <sqlite3.Connection object at 0x0000021EA83CDF30>
    annual_consumption_pct = Decimal(str(cfg.get("EXC-019_annual_consumption_pct", "0.80")))  # 80%
  Enable tracemalloc to get traceback where the object was allocated.
  See https://docs.pytest.org/en/stable/how-to/capture-warnings.html#resource-warnings for more info.

tests/integration/test_import_api.py::test_api_import_valid_file
  C:\Users\Tahir\Documents\GitHub\finalFPA\app\engine\imports\parser.py:639: ResourceWarning: unclosed database in <sqlite3.Connection object at 0x0000021EA83CE890>
    reader = csv.reader(f)
  Enable tracemalloc to get traceback where the object was allocated.
  See https://docs.pytest.org/en/stable/how-to/capture-warnings.html#resource-warnings for more info.

tests/integration/test_import_api.py::test_api_import_valid_file
  C:\Users\Tahir\Documents\GitHub\finalFPA\app\engine\imports\parser.py:639: ResourceWarning: unclosed database in <sqlite3.Connection object at 0x0000021EA83CFF10>
    reader = csv.reader(f)
  Enable tracemalloc to get traceback where the object was allocated.
  See https://docs.pytest.org/en/stable/how-to/capture-warnings.html#resource-warnings for more info.

tests/integration/test_import_api.py::test_api_import_valid_file
  C:\Users\Tahir\Documents\GitHub\finalFPA\app\engine\imports\parser.py:639: ResourceWarning: unclosed database in <sqlite3.Connection object at 0x0000021EA83CE4D0>
    reader = csv.reader(f)
  Enable tracemalloc to get traceback where the object was allocated.
  See https://docs.pytest.org/en/stable/how-to/capture-warnings.html#resource-warnings for more info.

tests/integration/test_import_api.py::test_api_import_valid_file
  C:\Users\Tahir\Documents\GitHub\finalFPA\app\engine\imports\parser.py:639: ResourceWarning: unclosed database in <sqlite3.Connection object at 0x0000021EA86ED6C0>
    reader = csv.reader(f)
  Enable tracemalloc to get traceback where the object was allocated.
  See https://docs.pytest.org/en/stable/how-to/capture-warnings.html#resource-warnings for more info.

tests/integration/test_mapping_seam_api.py::test_committed_facts_carry_the_applied_cost_center
  <string>:2: ResourceWarning: unclosed database in <sqlite3.Connection object at 0x0000021EA851B5B0>
  Enable tracemalloc to get traceback where the object was allocated.
  See https://docs.pytest.org/en/stable/how-to/capture-warnings.html#resource-warnings for more info.

tests/integration/test_mapping_seam_api.py::test_committed_facts_carry_the_applied_cost_center
  <string>:2: ResourceWarning: unclosed database in <sqlite3.Connection object at 0x0000021EA8519300>
  Enable tracemalloc to get traceback where the object was allocated.
  See https://docs.pytest.org/en/stable/how-to/capture-warnings.html#resource-warnings for more info.

tests/integration/test_mapping_seam_api.py::test_committed_facts_carry_the_applied_cost_center
  <string>:2: ResourceWarning: unclosed database in <sqlite3.Connection object at 0x0000021EA851B970>
  Enable tracemalloc to get traceback where the object was allocated.
  See https://docs.pytest.org/en/stable/how-to/capture-warnings.html#resource-warnings for more info.

tests/integration/test_mapping_seam_api.py::test_committed_facts_carry_the_applied_cost_center
  <string>:2: ResourceWarning: unclosed database in <sqlite3.Connection object at 0x0000021EA851BB50>
  Enable tracemalloc to get traceback where the object was allocated.
  See https://docs.pytest.org/en/stable/how-to/capture-warnings.html#resource-warnings for more info.

tests/integration/test_mapping_seam_api.py::test_committed_facts_carry_the_applied_cost_center
  <string>:2: ResourceWarning: unclosed database in <sqlite3.Connection object at 0x0000021EA8518F40>
  Enable tracemalloc to get traceback where the object was allocated.
  See https://docs.pytest.org/en/stable/how-to/capture-warnings.html#resource-warnings for more info.

tests/integration/test_mapping_seam_api.py::test_committed_facts_carry_the_applied_cost_center
  <string>:2: ResourceWarning: unclosed database in <sqlite3.Connection object at 0x0000021EA851AB60>
  Enable tracemalloc to get traceback where the object was allocated.
  See https://docs.pytest.org/en/stable/how-to/capture-warnings.html#resource-warnings for more info.

tests/integration/test_mapping_seam_api.py::test_committed_facts_carry_the_applied_cost_center
  <string>:2: ResourceWarning: unclosed database in <sqlite3.Connection object at 0x0000021EA851B6A0>
  Enable tracemalloc to get traceback where the object was allocated.
  See https://docs.pytest.org/en/stable/how-to/capture-warnings.html#resource-warnings for more info.

tests/integration/test_mapping_seam_api.py::test_committed_facts_carry_the_applied_cost_center
  <string>:2: ResourceWarning: unclosed database in <sqlite3.Connection object at 0x0000021EA8519A80>
  Enable tracemalloc to get traceback where the object was allocated.
  See https://docs.pytest.org/en/stable/how-to/capture-warnings.html#resource-warnings for more info.

tests/integration/test_mapping_seam_api.py::test_committed_facts_carry_the_applied_cost_center
  <string>:2: ResourceWarning: unclosed database in <sqlite3.Connection object at 0x0000021EA851B790>
  Enable tracemalloc to get traceback where the object was allocated.
  See https://docs.pytest.org/en/stable/how-to/capture-warnings.html#resource-warnings for more info.

tests/integration/test_mapping_seam_api.py::test_committed_facts_carry_the_applied_cost_center
  <string>:2: ResourceWarning: unclosed database in <sqlite3.Connection object at 0x0000021EA83CF3D0>
  Enable tracemalloc to get traceback where the object was allocated.
  See https://docs.pytest.org/en/stable/how-to/capture-warnings.html#resource-warnings for more info.

tests/integration/test_mapping_seam_api.py::test_committed_facts_carry_the_applied_cost_center
  <string>:2: ResourceWarning: unclosed database in <sqlite3.Connection object at 0x0000021EA851A200>
  Enable tracemalloc to get traceback where the object was allocated.
  See https://docs.pytest.org/en/stable/how-to/capture-warnings.html#resource-warnings for more info.

tests/integration/test_mapping_seam_api.py::test_committed_facts_carry_the_applied_cost_center
  <string>:2: ResourceWarning: unclosed database in <sqlite3.Connection object at 0x0000021EA8519990>
  Enable tracemalloc to get traceback where the object was allocated.
  See https://docs.pytest.org/en/stable/how-to/capture-warnings.html#resource-warnings for more info.

tests/integration/test_mapping_seam_api.py::test_committed_facts_carry_the_applied_cost_center
  <string>:2: ResourceWarning: unclosed database in <sqlite3.Connection object at 0x0000021EA85193F0>
  Enable tracemalloc to get traceback where the object was allocated.
  See https://docs.pytest.org/en/stable/how-to/capture-warnings.html#resource-warnings for more info.

tests/integration/test_mapping_seam_api.py::test_committed_facts_carry_the_applied_cost_center
  <string>:2: ResourceWarning: unclosed database in <sqlite3.Connection object at 0x0000021EA8519030>
  Enable tracemalloc to get traceback where the object was allocated.
  See https://docs.pytest.org/en/stable/how-to/capture-warnings.html#resource-warnings for more info.

tests/integration/test_mapping_seam_api.py::test_committed_facts_carry_the_applied_cost_center
  <string>:2: ResourceWarning: unclosed database in <sqlite3.Connection object at 0x0000021EA851B880>
  Enable tracemalloc to get traceback where the object was allocated.
  See https://docs.pytest.org/en/stable/how-to/capture-warnings.html#resource-warnings for more info.

tests/integration/test_mapping_seam_api.py::test_committed_facts_carry_the_applied_cost_center
  <string>:2: ResourceWarning: unclosed database in <sqlite3.Connection object at 0x0000021EA8519C60>
  Enable tracemalloc to get traceback where the object was allocated.
  See https://docs.pytest.org/en/stable/how-to/capture-warnings.html#resource-warnings for more info.

tests/integration/test_mapping_seam_api.py::test_committed_facts_carry_the_applied_cost_center
  <string>:2: ResourceWarning: unclosed database in <sqlite3.Connection object at 0x0000021EA851A890>
  Enable tracemalloc to get traceback where the object was allocated.
  See https://docs.pytest.org/en/stable/how-to/capture-warnings.html#resource-warnings for more info.

tests/integration/test_mapping_seam_api.py::test_committed_facts_carry_the_applied_cost_center
  <string>:2: ResourceWarning: unclosed database in <sqlite3.Connection object at 0x0000021EA851B100>
  Enable tracemalloc to get traceback where the object was allocated.
  See https://docs.pytest.org/en/stable/how-to/capture-warnings.html#resource-warnings for more info.

tests/integration/test_mapping_seam_api.py::test_committed_facts_carry_the_applied_cost_center
  <string>:2: ResourceWarning: unclosed database in <sqlite3.Connection object at 0x0000021EA86ECF40>
  Enable tracemalloc to get traceback where the object was allocated.
  See https://docs.pytest.org/en/stable/how-to/capture-warnings.html#resource-warnings for more info.

tests/integration/test_mapping_suggestions_api.py::test_deciding_a_decided_suggestion_returns_409
  C:\Users\Tahir\AppData\Roaming\Python\Python314\site-packages\anyio\_backends\_asyncio.py:734: ResourceWarning: unclosed database in <sqlite3.Connection object at 0x0000021EA8519120>
    def __init__(self, parent_id: int | None, cancel_scope: CancelScope | None):
  Enable tracemalloc to get traceback where the object was allocated.
  See https://docs.pytest.org/en/stable/how-to/capture-warnings.html#resource-warnings for more info.

tests/integration/test_mapping_suggestions_api.py::test_deciding_a_decided_suggestion_returns_409
  C:\Users\Tahir\AppData\Roaming\Python\Python314\site-packages\anyio\_backends\_asyncio.py:734: ResourceWarning: unclosed database in <sqlite3.Connection object at 0x0000021EA83CF970>
    def __init__(self, parent_id: int | None, cancel_scope: CancelScope | None):
  Enable tracemalloc to get traceback where the object was allocated.
  See https://docs.pytest.org/en/stable/how-to/capture-warnings.html#resource-warnings for more info.

tests/integration/test_mapping_suggestions_api.py::test_deciding_a_decided_suggestion_returns_409
  C:\Users\Tahir\AppData\Roaming\Python\Python314\site-packages\anyio\_backends\_asyncio.py:734: ResourceWarning: unclosed database in <sqlite3.Connection object at 0x0000021EA83CEB60>
    def __init__(self, parent_id: int | None, cancel_scope: CancelScope | None):
  Enable tracemalloc to get traceback where the object was allocated.
  See https://docs.pytest.org/en/stable/how-to/capture-warnings.html#resource-warnings for more info.

tests/integration/test_mapping_suggestions_api.py::test_deciding_a_decided_suggestion_returns_409
  C:\Users\Tahir\AppData\Roaming\Python\Python314\site-packages\anyio\_backends\_asyncio.py:734: ResourceWarning: unclosed database in <sqlite3.Connection object at 0x0000021EA83CF790>
    def __init__(self, parent_id: int | None, cancel_scope: CancelScope | None):
  Enable tracemalloc to get traceback where the object was allocated.
  See https://docs.pytest.org/en/stable/how-to/capture-warnings.html#resource-warnings for more info.

tests/integration/test_mapping_suggestions_api.py::test_deciding_a_decided_suggestion_returns_409
  C:\Users\Tahir\AppData\Roaming\Python\Python314\site-packages\anyio\_backends\_asyncio.py:734: ResourceWarning: unclosed database in <sqlite3.Connection object at 0x0000021EA83CED40>
    def __init__(self, parent_id: int | None, cancel_scope: CancelScope | None):
  Enable tracemalloc to get traceback where the object was allocated.
  See https://docs.pytest.org/en/stable/how-to/capture-warnings.html#resource-warnings for more info.

tests/integration/test_mapping_suggestions_api.py::test_deciding_a_decided_suggestion_returns_409
  C:\Users\Tahir\AppData\Roaming\Python\Python314\site-packages\anyio\_backends\_asyncio.py:734: ResourceWarning: unclosed database in <sqlite3.Connection object at 0x0000021EA83CE6B0>
    def __init__(self, parent_id: int | None, cancel_scope: CancelScope | None):
  Enable tracemalloc to get traceback where the object was allocated.
  See https://docs.pytest.org/en/stable/how-to/capture-warnings.html#resource-warnings for more info.

tests/integration/test_mapping_suggestions_api.py::test_deciding_a_decided_suggestion_returns_409
  C:\Users\Tahir\AppData\Roaming\Python\Python314\site-packages\anyio\_backends\_asyncio.py:734: ResourceWarning: unclosed database in <sqlite3.Connection object at 0x0000021EA83CEC50>
    def __init__(self, parent_id: int | None, cancel_scope: CancelScope | None):
  Enable tracemalloc to get traceback where the object was allocated.
  See https://docs.pytest.org/en/stable/how-to/capture-warnings.html#resource-warnings for more info.

tests/integration/test_mapping_suggestions_api.py::test_deciding_a_decided_suggestion_returns_409
  C:\Users\Tahir\AppData\Roaming\Python\Python314\site-packages\anyio\_backends\_asyncio.py:734: ResourceWarning: unclosed database in <sqlite3.Connection object at 0x0000021EA83CEE30>
    def __init__(self, parent_id: int | None, cancel_scope: CancelScope | None):
  Enable tracemalloc to get traceback where the object was allocated.
  See https://docs.pytest.org/en/stable/how-to/capture-warnings.html#resource-warnings for more info.

tests/integration/test_mapping_suggestions_api.py::test_deciding_a_decided_suggestion_returns_409
  C:\Users\Tahir\AppData\Roaming\Python\Python314\site-packages\anyio\_backends\_asyncio.py:734: ResourceWarning: unclosed database in <sqlite3.Connection object at 0x0000021EA83CE200>
    def __init__(self, parent_id: int | None, cancel_scope: CancelScope | None):
  Enable tracemalloc to get traceback where the object was allocated.
  See https://docs.pytest.org/en/stable/how-to/capture-warnings.html#resource-warnings for more info.

tests/integration/test_mapping_suggestions_api.py::test_deciding_a_decided_suggestion_returns_409
  C:\Users\Tahir\AppData\Roaming\Python\Python314\site-packages\anyio\_backends\_asyncio.py:734: ResourceWarning: unclosed database in <sqlite3.Connection object at 0x0000021EA85189A0>
    def __init__(self, parent_id: int | None, cancel_scope: CancelScope | None):
  Enable tracemalloc to get traceback where the object was allocated.
  See https://docs.pytest.org/en/stable/how-to/capture-warnings.html#resource-warnings for more info.

tests/integration/test_mapping_suggestions_api.py::test_deciding_a_decided_suggestion_returns_409
  C:\Users\Tahir\AppData\Roaming\Python\Python314\site-packages\anyio\_backends\_asyncio.py:734: ResourceWarning: unclosed database in <sqlite3.Connection object at 0x0000021EA85188B0>
    def __init__(self, parent_id: int | None, cancel_scope: CancelScope | None):
  Enable tracemalloc to get traceback where the object was allocated.
  See https://docs.pytest.org/en/stable/how-to/capture-warnings.html#resource-warnings for more info.

tests/integration/test_mapping_suggestions_api.py::test_deciding_a_decided_suggestion_returns_409
  C:\Users\Tahir\AppData\Roaming\Python\Python314\site-packages\anyio\_backends\_asyncio.py:734: ResourceWarning: unclosed database in <sqlite3.Connection object at 0x0000021EA85194E0>
    def __init__(self, parent_id: int | None, cancel_scope: CancelScope | None):
  Enable tracemalloc to get traceback where the object was allocated.
  See https://docs.pytest.org/en/stable/how-to/capture-warnings.html#resource-warnings for more info.

tests/integration/test_mapping_suggestions_api.py::test_deciding_a_decided_suggestion_returns_409
  C:\Users\Tahir\AppData\Roaming\Python\Python314\site-packages\anyio\_backends\_asyncio.py:734: ResourceWarning: unclosed database in <sqlite3.Connection object at 0x0000021EA851AA70>
    def __init__(self, parent_id: int | None, cancel_scope: CancelScope | None):
  Enable tracemalloc to get traceback where the object was allocated.
  See https://docs.pytest.org/en/stable/how-to/capture-warnings.html#resource-warnings for more info.

tests/integration/test_mapping_suggestions_api.py::test_deciding_a_decided_suggestion_returns_409
  C:\Users\Tahir\AppData\Roaming\Python\Python314\site-packages\anyio\_backends\_asyncio.py:734: ResourceWarning: unclosed database in <sqlite3.Connection object at 0x0000021EA86ED7B0>
    def __init__(self, parent_id: int | None, cancel_scope: CancelScope | None):
  Enable tracemalloc to get traceback where the object was allocated.
  See https://docs.pytest.org/en/stable/how-to/capture-warnings.html#resource-warnings for more info.

tests/integration/test_mapping_suggestions_api.py::test_deciding_a_decided_suggestion_returns_409
  C:\Users\Tahir\AppData\Roaming\Python\Python314\site-packages\anyio\_backends\_asyncio.py:734: ResourceWarning: unclosed database in <sqlite3.Connection object at 0x0000021EA86ED990>
    def __init__(self, parent_id: int | None, cancel_scope: CancelScope | None):
  Enable tracemalloc to get traceback where the object was allocated.
  See https://docs.pytest.org/en/stable/how-to/capture-warnings.html#resource-warnings for more info.

tests/integration/test_mapping_suggestions_api.py::test_deciding_a_decided_suggestion_returns_409
  C:\Users\Tahir\AppData\Roaming\Python\Python314\site-packages\anyio\_backends\_asyncio.py:734: ResourceWarning: unclosed database in <sqlite3.Connection object at 0x0000021EA86ECD60>
    def __init__(self, parent_id: int | None, cancel_scope: CancelScope | None):
  Enable tracemalloc to get traceback where the object was allocated.
  See https://docs.pytest.org/en/stable/how-to/capture-warnings.html#resource-warnings for more info.

tests/integration/test_mapping_suggestions_api.py::test_deciding_a_decided_suggestion_returns_409
  C:\Users\Tahir\AppData\Roaming\Python\Python314\site-packages\anyio\_backends\_asyncio.py:734: ResourceWarning: unclosed database in <sqlite3.Connection object at 0x0000021EA86EE890>
    def __init__(self, parent_id: int | None, cancel_scope: CancelScope | None):
  Enable tracemalloc to get traceback where the object was allocated.
  See https://docs.pytest.org/en/stable/how-to/capture-warnings.html#resource-warnings for more info.

tests/integration/test_mapping_suggestions_api.py::test_deciding_a_decided_suggestion_returns_409
  C:\Users\Tahir\AppData\Roaming\Python\Python314\site-packages\anyio\_backends\_asyncio.py:734: ResourceWarning: unclosed database in <sqlite3.Connection object at 0x0000021EA86EC130>
    def __init__(self, parent_id: int | None, cancel_scope: CancelScope | None):
  Enable tracemalloc to get traceback where the object was allocated.
  See https://docs.pytest.org/en/stable/how-to/capture-warnings.html#resource-warnings for more info.

tests/integration/test_mapping_suggestions_api.py::test_deciding_a_decided_suggestion_returns_409
  C:\Users\Tahir\AppData\Roaming\Python\Python314\site-packages\anyio\_backends\_asyncio.py:734: ResourceWarning: unclosed database in <sqlite3.Connection object at 0x0000021EA86ED030>
    def __init__(self, parent_id: int | None, cancel_scope: CancelScope | None):
  Enable tracemalloc to get traceback where the object was allocated.
  See https://docs.pytest.org/en/stable/how-to/capture-warnings.html#resource-warnings for more info.

tests/integration/test_mapping_suggestions_api.py::test_deciding_a_decided_suggestion_returns_409
  C:\Users\Tahir\AppData\Roaming\Python\Python314\site-packages\anyio\_backends\_asyncio.py:734: ResourceWarning: unclosed database in <sqlite3.Connection object at 0x0000021EA86EE200>
    def __init__(self, parent_id: int | None, cancel_scope: CancelScope | None):
  Enable tracemalloc to get traceback where the object was allocated.
  See https://docs.pytest.org/en/stable/how-to/capture-warnings.html#resource-warnings for more info.

tests/integration/test_mapping_suggestions_api.py::test_deciding_a_decided_suggestion_returns_409
  C:\Users\Tahir\AppData\Roaming\Python\Python314\site-packages\anyio\_backends\_asyncio.py:734: ResourceWarning: unclosed database in <sqlite3.Connection object at 0x0000021EA86EDD50>
    def __init__(self, parent_id: int | None, cancel_scope: CancelScope | None):
  Enable tracemalloc to get traceback where the object was allocated.
  See https://docs.pytest.org/en/stable/how-to/capture-warnings.html#resource-warnings for more info.

tests/integration/test_mapping_suggestions_api.py::test_deciding_a_decided_suggestion_returns_409
  C:\Users\Tahir\AppData\Roaming\Python\Python314\site-packages\anyio\_backends\_asyncio.py:734: ResourceWarning: unclosed database in <sqlite3.Connection object at 0x0000021EA86EC4F0>
    def __init__(self, parent_id: int | None, cancel_scope: CancelScope | None):
  Enable tracemalloc to get traceback where the object was allocated.
  See https://docs.pytest.org/en/stable/how-to/capture-warnings.html#resource-warnings for more info.

tests/integration/test_mapping_suggestions_api.py::test_deciding_a_decided_suggestion_returns_409
  C:\Users\Tahir\AppData\Roaming\Python\Python314\site-packages\anyio\_backends\_asyncio.py:734: ResourceWarning: unclosed database in <sqlite3.Connection object at 0x0000021EA86EE4D0>
    def __init__(self, parent_id: int | None, cancel_scope: CancelScope | None):
  Enable tracemalloc to get traceback where the object was allocated.
  See https://docs.pytest.org/en/stable/how-to/capture-warnings.html#resource-warnings for more info.

tests/integration/test_store.py::test_atomic_import_commit
  C:\Users\Tahir\AppData\Roaming\Python\Python314\site-packages\pluggy\_result.py:31: ResourceWarning: unclosed database in <sqlite3.Connection object at 0x0000021EA86ECA90>
    def __init__(
  Enable tracemalloc to get traceback where the object was allocated.
  See https://docs.pytest.org/en/stable/how-to/capture-warnings.html#resource-warnings for more info.

tests/integration/test_store.py::test_atomic_import_commit
  C:\Users\Tahir\AppData\Roaming\Python\Python314\site-packages\pluggy\_result.py:31: ResourceWarning: unclosed database in <sqlite3.Connection object at 0x0000021EA86EE7A0>
    def __init__(
  Enable tracemalloc to get traceback where the object was allocated.
  See https://docs.pytest.org/en/stable/how-to/capture-warnings.html#resource-warnings for more info.

tests/integration/test_store.py::test_atomic_import_commit
  C:\Users\Tahir\AppData\Roaming\Python\Python314\site-packages\pluggy\_result.py:31: ResourceWarning: unclosed database in <sqlite3.Connection object at 0x0000021EA86ED3F0>
    def __init__(
  Enable tracemalloc to get traceback where the object was allocated.
  See https://docs.pytest.org/en/stable/how-to/capture-warnings.html#resource-warnings for more info.

tests/integration/test_store.py::test_atomic_import_commit
  C:\Users\Tahir\AppData\Roaming\Python\Python314\site-packages\pluggy\_result.py:31: ResourceWarning: unclosed database in <sqlite3.Connection object at 0x0000021EA86ED4E0>
    def __init__(
  Enable tracemalloc to get traceback where the object was allocated.
  See https://docs.pytest.org/en/stable/how-to/capture-warnings.html#resource-warnings for more info.

tests/integration/test_store.py::test_atomic_import_commit
  C:\Users\Tahir\AppData\Roaming\Python\Python314\site-packages\pluggy\_result.py:31: ResourceWarning: unclosed database in <sqlite3.Connection object at 0x0000021EA86EFC40>
    def __init__(
  Enable tracemalloc to get traceback where the object was allocated.
  See https://docs.pytest.org/en/stable/how-to/capture-warnings.html#resource-warnings for more info.

tests/integration/test_store.py::test_atomic_import_commit
  C:\Users\Tahir\AppData\Roaming\Python\Python314\site-packages\pluggy\_result.py:31: ResourceWarning: unclosed database in <sqlite3.Connection object at 0x0000021EA86EFD30>
    def __init__(
  Enable tracemalloc to get traceback where the object was allocated.
  See https://docs.pytest.org/en/stable/how-to/capture-warnings.html#resource-warnings for more info.

tests/integration/test_store.py::test_atomic_import_commit
  C:\Users\Tahir\AppData\Roaming\Python\Python314\site-packages\pluggy\_result.py:31: ResourceWarning: unclosed database in <sqlite3.Connection object at 0x0000021EA86EF010>
    def __init__(
  Enable tracemalloc to get traceback where the object was allocated.
  See https://docs.pytest.org/en/stable/how-to/capture-warnings.html#resource-warnings for more info.

tests/integration/test_store.py::test_atomic_import_commit
  C:\Users\Tahir\AppData\Roaming\Python\Python314\site-packages\pluggy\_result.py:31: ResourceWarning: unclosed database in <sqlite3.Connection object at 0x0000021EA86EFF10>
    def __init__(
  Enable tracemalloc to get traceback where the object was allocated.
  See https://docs.pytest.org/en/stable/how-to/capture-warnings.html#resource-warnings for more info.

tests/integration/test_store.py::test_atomic_import_commit
  C:\Users\Tahir\AppData\Roaming\Python\Python314\site-packages\pluggy\_result.py:31: ResourceWarning: unclosed database in <sqlite3.Connection object at 0x0000021EA86EFA60>
    def __init__(
  Enable tracemalloc to get traceback where the object was allocated.
  See https://docs.pytest.org/en/stable/how-to/capture-warnings.html#resource-warnings for more info.

tests/integration/test_store.py::test_atomic_import_commit
  C:\Users\Tahir\AppData\Roaming\Python\Python314\site-packages\pluggy\_result.py:31: ResourceWarning: unclosed database in <sqlite3.Connection object at 0x0000021EA8D28F40>
    def __init__(
  Enable tracemalloc to get traceback where the object was allocated.
  See https://docs.pytest.org/en/stable/how-to/capture-warnings.html#resource-warnings for more info.

tests/integration/test_store.py::test_atomic_import_commit
  C:\Users\Tahir\AppData\Roaming\Python\Python314\site-packages\pluggy\_result.py:31: ResourceWarning: unclosed database in <sqlite3.Connection object at 0x0000021EA8D288B0>
    def __init__(
  Enable tracemalloc to get traceback where the object was allocated.
  See https://docs.pytest.org/en/stable/how-to/capture-warnings.html#resource-warnings for more info.

tests/integration/test_store.py::test_atomic_import_commit
  C:\Users\Tahir\AppData\Roaming\Python\Python314\site-packages\pluggy\_result.py:31: ResourceWarning: unclosed database in <sqlite3.Connection object at 0x0000021EA8D29030>
    def __init__(
  Enable tracemalloc to get traceback where the object was allocated.
  See https://docs.pytest.org/en/stable/how-to/capture-warnings.html#resource-warnings for more info.

tests/integration/test_store.py::test_atomic_import_commit
  C:\Users\Tahir\AppData\Roaming\Python\Python314\site-packages\pluggy\_result.py:31: ResourceWarning: unclosed database in <sqlite3.Connection object at 0x0000021EA851B010>
    def __init__(
  Enable tracemalloc to get traceback where the object was allocated.
  See https://docs.pytest.org/en/stable/how-to/capture-warnings.html#resource-warnings for more info.

tests/integration/test_store.py::test_atomic_import_commit
  C:\Users\Tahir\AppData\Roaming\Python\Python314\site-packages\pluggy\_result.py:31: ResourceWarning: unclosed database in <sqlite3.Connection object at 0x0000021EA851A020>
    def __init__(
  Enable tracemalloc to get traceback where the object was allocated.
  See https://docs.pytest.org/en/stable/how-to/capture-warnings.html#resource-warnings for more info.

tests/integration/test_store.py::test_atomic_import_commit
  C:\Users\Tahir\AppData\Roaming\Python\Python314\site-packages\pluggy\_result.py:31: ResourceWarning: unclosed database in <sqlite3.Connection object at 0x0000021EA851BF10>
    def __init__(
  Enable tracemalloc to get traceback where the object was allocated.
  See https://docs.pytest.org/en/stable/how-to/capture-warnings.html#resource-warnings for more info.

tests/integration/test_store.py::test_atomic_import_commit
  C:\Users\Tahir\AppData\Roaming\Python\Python314\site-packages\pluggy\_result.py:31: ResourceWarning: unclosed database in <sqlite3.Connection object at 0x0000021EA8519210>
    def __init__(
  Enable tracemalloc to get traceback where the object was allocated.
  See https://docs.pytest.org/en/stable/how-to/capture-warnings.html#resource-warnings for more info.

tests/integration/test_store.py::test_atomic_import_commit
  C:\Users\Tahir\AppData\Roaming\Python\Python314\site-packages\pluggy\_result.py:31: ResourceWarning: unclosed database in <sqlite3.Connection object at 0x0000021EA851A3E0>
    def __init__(
  Enable tracemalloc to get traceback where the object was allocated.
  See https://docs.pytest.org/en/stable/how-to/capture-warnings.html#resource-warnings for more info.

tests/integration/test_store.py::test_atomic_import_commit
  C:\Users\Tahir\AppData\Roaming\Python\Python314\site-packages\pluggy\_result.py:31: ResourceWarning: unclosed database in <sqlite3.Connection object at 0x0000021EA851A4D0>
    def __init__(
  Enable tracemalloc to get traceback where the object was allocated.
  See https://docs.pytest.org/en/stable/how-to/capture-warnings.html#resource-warnings for more info.

tests/integration/test_store.py::test_atomic_import_commit
  C:\Users\Tahir\AppData\Roaming\Python\Python314\site-packages\pluggy\_result.py:31: ResourceWarning: unclosed database in <sqlite3.Connection object at 0x0000021EA851B2E0>
    def __init__(
  Enable tracemalloc to get traceback where the object was allocated.
  See https://docs.pytest.org/en/stable/how-to/capture-warnings.html#resource-warnings for more info.

tests/integration/test_store.py::test_atomic_import_commit
  C:\Users\Tahir\AppData\Roaming\Python\Python314\site-packages\pluggy\_result.py:31: ResourceWarning: unclosed database in <sqlite3.Connection object at 0x0000021EA86EE6B0>
    def __init__(
  Enable tracemalloc to get traceback where the object was allocated.
  See https://docs.pytest.org/en/stable/how-to/capture-warnings.html#resource-warnings for more info.

tests/integration/test_store.py::test_atomic_import_commit
  C:\Users\Tahir\AppData\Roaming\Python\Python314\site-packages\pluggy\_result.py:31: ResourceWarning: unclosed database in <sqlite3.Connection object at 0x0000021EA86EF880>
    def __init__(
  Enable tracemalloc to get traceback where the object was allocated.
  See https://docs.pytest.org/en/stable/how-to/capture-warnings.html#resource-warnings for more info.

tests/integration/test_store.py::test_atomic_import_commit
  C:\Users\Tahir\AppData\Roaming\Python\Python314\site-packages\pluggy\_result.py:31: ResourceWarning: unclosed database in <sqlite3.Connection object at 0x0000021EA86EF2E0>
    def __init__(
  Enable tracemalloc to get traceback where the object was allocated.
  See https://docs.pytest.org/en/stable/how-to/capture-warnings.html#resource-warnings for more info.

tests/integration/test_store.py::test_atomic_import_commit
  C:\Users\Tahir\AppData\Roaming\Python\Python314\site-packages\pluggy\_result.py:31: ResourceWarning: unclosed database in <sqlite3.Connection object at 0x0000021EA86EF3D0>
    def __init__(
  Enable tracemalloc to get traceback where the object was allocated.
  See https://docs.pytest.org/en/stable/how-to/capture-warnings.html#resource-warnings for more info.

tests/integration/test_store.py::test_atomic_import_commit
  C:\Users\Tahir\AppData\Roaming\Python\Python314\site-packages\pluggy\_result.py:31: ResourceWarning: unclosed database in <sqlite3.Connection object at 0x0000021EA83CFB50>
    def __init__(
  Enable tracemalloc to get traceback where the object was allocated.
  See https://docs.pytest.org/en/stable/how-to/capture-warnings.html#resource-warnings for more info.

tests/integration/test_store.py::test_atomic_import_commit
  C:\Users\Tahir\AppData\Roaming\Python\Python314\site-packages\pluggy\_result.py:31: ResourceWarning: unclosed database in <sqlite3.Connection object at 0x0000021EA8D28400>
    def __init__(
  Enable tracemalloc to get traceback where the object was allocated.
  See https://docs.pytest.org/en/stable/how-to/capture-warnings.html#resource-warnings for more info.

tests/integration/test_store.py::test_atomic_import_commit
  C:\Users\Tahir\AppData\Roaming\Python\Python314\site-packages\pluggy\_result.py:31: ResourceWarning: unclosed database in <sqlite3.Connection object at 0x0000021EA8D28310>
    def __init__(
  Enable tracemalloc to get traceback where the object was allocated.
  See https://docs.pytest.org/en/stable/how-to/capture-warnings.html#resource-warnings for more info.

tests/integration/test_store.py::test_atomic_import_commit
  C:\Users\Tahir\AppData\Roaming\Python\Python314\site-packages\pluggy\_result.py:31: ResourceWarning: unclosed database in <sqlite3.Connection object at 0x0000021EA8D285E0>
    def __init__(
  Enable tracemalloc to get traceback where the object was allocated.
  See https://docs.pytest.org/en/stable/how-to/capture-warnings.html#resource-warnings for more info.

tests/integration/test_store.py::test_atomic_import_commit
  C:\Users\Tahir\Documents\GitHub\finalFPA\app\engine\imports\parser.py:645: ResourceWarning: unclosed database in <sqlite3.Connection object at 0x0000021EA851BD30>
    if not row or all(c.strip() == "" for c in row):
  Enable tracemalloc to get traceback where the object was allocated.
  See https://docs.pytest.org/en/stable/how-to/capture-warnings.html#resource-warnings for more info.

tests/rules/test_acceptance.py::test_live_run_is_blocked_or_measurable_never_a_vacuous_pass
  C:\Python314\Lib\_strptime.py:521: ResourceWarning: unclosed database in <sqlite3.Connection object at 0x0000021EA851AF20>
    for index, arg in enumerate([data_string, format]):
  Enable tracemalloc to get traceback where the object was allocated.
  See https://docs.pytest.org/en/stable/how-to/capture-warnings.html#resource-warnings for more info.

tests/rules/test_acceptance.py::test_live_run_is_blocked_or_measurable_never_a_vacuous_pass
  C:\Users\Tahir\Documents\GitHub\finalFPA\app\engine\calc\math.py:133: ResourceWarning: unclosed database in <sqlite3.Connection object at 0x0000021EA851B1F0>
    def quantize_money(amount: Decimal | str | int | float) -> Decimal:
  Enable tracemalloc to get traceback where the object was allocated.
  See https://docs.pytest.org/en/stable/how-to/capture-warnings.html#resource-warnings for more info.

tests/uat/test_uat_dry_run.py::test_staging_packasm_02_synthetic_fixture_tie_out_and_ppt_parity
  C:\Users\Tahir\AppData\Roaming\Python\Python314\site-packages\openpyxl\cell\cell.py:164: ResourceWarning: unclosed database in <sqlite3.Connection object at 0x0000021EA86EF4C0>
    if next(ILLEGAL_CHARACTERS_RE.finditer(value), None):
  Enable tracemalloc to get traceback where the object was allocated.
  See https://docs.pytest.org/en/stable/how-to/capture-warnings.html#resource-warnings for more info.

tests/uat/test_uat_dry_run.py::test_staging_packasm_02_synthetic_fixture_tie_out_and_ppt_parity
  C:\Users\Tahir\AppData\Roaming\Python\Python314\site-packages\openpyxl\cell\cell.py:164: ResourceWarning: unclosed database in <sqlite3.Connection object at 0x0000021EA86EC7C0>
    if next(ILLEGAL_CHARACTERS_RE.finditer(value), None):
  Enable tracemalloc to get traceback where the object was allocated.
  See https://docs.pytest.org/en/stable/how-to/capture-warnings.html#resource-warnings for more info.

tests/uat/test_uat_dry_run.py::test_staging_packasm_02_synthetic_fixture_tie_out_and_ppt_parity
  C:\Users\Tahir\AppData\Roaming\Python\Python314\site-packages\openpyxl\cell\cell.py:164: ResourceWarning: unclosed database in <sqlite3.Connection object at 0x0000021EA851B3D0>
    if next(ILLEGAL_CHARACTERS_RE.finditer(value), None):
  Enable tracemalloc to get traceback where the object was allocated.
  See https://docs.pytest.org/en/stable/how-to/capture-warnings.html#resource-warnings for more info.

tests/uat/test_uat_dry_run.py::test_staging_packasm_02_synthetic_fixture_tie_out_and_ppt_parity
  C:\Users\Tahir\AppData\Roaming\Python\Python314\site-packages\openpyxl\cell\cell.py:164: ResourceWarning: unclosed database in <sqlite3.Connection object at 0x0000021EA83CE7A0>
    if next(ILLEGAL_CHARACTERS_RE.finditer(value), None):
  Enable tracemalloc to get traceback where the object was allocated.
  See https://docs.pytest.org/en/stable/how-to/capture-warnings.html#resource-warnings for more info.

tests/uat/test_uat_dry_run.py::test_staging_packasm_02_synthetic_fixture_tie_out_and_ppt_parity
  C:\Users\Tahir\AppData\Roaming\Python\Python314\site-packages\openpyxl\cell\cell.py:164: ResourceWarning: unclosed database in <sqlite3.Connection object at 0x0000021EA851BE20>
    if next(ILLEGAL_CHARACTERS_RE.finditer(value), None):
  Enable tracemalloc to get traceback where the object was allocated.
  See https://docs.pytest.org/en/stable/how-to/capture-warnings.html#resource-warnings for more info.

tests/uat/test_uat_dry_run.py::test_def016_behavioural_guard_no_tautological_uat_literals
  C:\Python314\Lib\ast.py:46: ResourceWarning: unclosed database in <sqlite3.Connection object at 0x0000021EA86EF970>
    return compile(source, filename, mode, flags,
  Enable tracemalloc to get traceback where the object was allocated.
  See https://docs.pytest.org/en/stable/how-to/capture-warnings.html#resource-warnings for more info.

tests/uat/test_uat_dry_run.py::test_def016_behavioural_guard_no_tautological_uat_literals
  C:\Python314\Lib\ast.py:46: ResourceWarning: unclosed database in <sqlite3.Connection object at 0x0000021EA86EFE20>
    return compile(source, filename, mode, flags,
  Enable tracemalloc to get traceback where the object was allocated.
  See https://docs.pytest.org/en/stable/how-to/capture-warnings.html#resource-warnings for more info.

tests/unit/test_ai_prompts.py::test_edit_prompt_creates_new_version_without_mutating_baseline
  C:\Users\Tahir\Documents\GitHub\finalFPA\app\engine\ai\prompts.py:131: DeprecationWarning: datetime.datetime.utcnow() is deprecated and scheduled for removal in a future version. Use timezone-aware objects to represent datetimes in UTC: datetime.datetime.now(datetime.UTC).
    timestamp = datetime.utcnow().isoformat()

tests/unit/test_ai_usage.py::test_ai_usage_store_and_cap_enforcement
  C:\Users\Tahir\Documents\GitHub\finalFPA\app\engine\ai\usage.py:137: ResourceWarning: unclosed database in <sqlite3.Connection object at 0x0000021ED3343C40>
    rows = [dict(r) for r in cur.fetchall()]
  Enable tracemalloc to get traceback where the object was allocated.
  See https://docs.pytest.org/en/stable/how-to/capture-warnings.html#resource-warnings for more info.

tests/unit/test_ai_usage.py::test_ai_usage_store_and_cap_enforcement
  C:\Users\Tahir\Documents\GitHub\finalFPA\app\engine\ai\usage.py:137: ResourceWarning: unclosed database in <sqlite3.Connection object at 0x0000021ED33436A0>
    rows = [dict(r) for r in cur.fetchall()]
  Enable tracemalloc to get traceback where the object was allocated.
  See https://docs.pytest.org/en/stable/how-to/capture-warnings.html#resource-warnings for more info.

tests/unit/test_ai_usage.py::test_ai_usage_store_and_cap_enforcement
  C:\Users\Tahir\Documents\GitHub\finalFPA\app\engine\ai\usage.py:137: ResourceWarning: unclosed database in <sqlite3.Connection object at 0x0000021ED33434C0>
    rows = [dict(r) for r in cur.fetchall()]
  Enable tracemalloc to get traceback where the object was allocated.
  See https://docs.pytest.org/en/stable/how-to/capture-warnings.html#resource-warnings for more info.

tests/unit/test_ai_usage.py::test_ai_usage_store_and_cap_enforcement
  C:\Users\Tahir\Documents\GitHub\finalFPA\app\engine\ai\usage.py:137: ResourceWarning: unclosed database in <sqlite3.Connection object at 0x0000021ED3343790>
    rows = [dict(r) for r in cur.fetchall()]
  Enable tracemalloc to get traceback where the object was allocated.
  See https://docs.pytest.org/en/stable/how-to/capture-warnings.html#resource-warnings for more info.

tests/unit/test_ai_usage.py::test_ai_usage_store_and_cap_enforcement
  C:\Users\Tahir\Documents\GitHub\finalFPA\app\engine\ai\usage.py:137: ResourceWarning: unclosed database in <sqlite3.Connection object at 0x0000021ED3343880>
    rows = [dict(r) for r in cur.fetchall()]
  Enable tracemalloc to get traceback where the object was allocated.
  See https://docs.pytest.org/en/stable/how-to/capture-warnings.html#resource-warnings for more info.

tests/unit/test_ai_usage.py::test_ai_usage_store_and_cap_enforcement
  C:\Users\Tahir\Documents\GitHub\finalFPA\app\engine\ai\usage.py:137: ResourceWarning: unclosed database in <sqlite3.Connection object at 0x0000021ED3343970>
    rows = [dict(r) for r in cur.fetchall()]
  Enable tracemalloc to get traceback where the object was allocated.
  See https://docs.pytest.org/en/stable/how-to/capture-warnings.html#resource-warnings for more info.

tests/unit/test_ai_usage.py::test_ai_usage_store_and_cap_enforcement
  C:\Users\Tahir\Documents\GitHub\finalFPA\app\engine\ai\usage.py:137: ResourceWarning: unclosed database in <sqlite3.Connection object at 0x0000021ED33431F0>
    rows = [dict(r) for r in cur.fetchall()]
  Enable tracemalloc to get traceback where the object was allocated.
  See https://docs.pytest.org/en/stable/how-to/capture-warnings.html#resource-warnings for more info.

tests/unit/test_ai_usage.py::test_ai_usage_store_and_cap_enforcement
  C:\Users\Tahir\Documents\GitHub\finalFPA\app\engine\ai\usage.py:137: ResourceWarning: unclosed database in <sqlite3.Connection object at 0x0000021ED33435B0>
    rows = [dict(r) for r in cur.fetchall()]
  Enable tracemalloc to get traceback where the object was allocated.
  See https://docs.pytest.org/en/stable/how-to/capture-warnings.html#resource-warnings for more info.

tests/unit/test_ai_usage.py::test_ai_usage_store_and_cap_enforcement
  C:\Users\Tahir\Documents\GitHub\finalFPA\app\engine\ai\usage.py:137: ResourceWarning: unclosed database in <sqlite3.Connection object at 0x0000021ED33432E0>
    rows = [dict(r) for r in cur.fetchall()]
  Enable tracemalloc to get traceback where the object was allocated.
  See https://docs.pytest.org/en/stable/how-to/capture-warnings.html#resource-warnings for more info.

tests/unit/test_ai_usage.py::test_ai_usage_store_and_cap_enforcement
  C:\Users\Tahir\Documents\GitHub\finalFPA\app\engine\ai\usage.py:137: ResourceWarning: unclosed database in <sqlite3.Connection object at 0x0000021ED33433D0>
    rows = [dict(r) for r in cur.fetchall()]
  Enable tracemalloc to get traceback where the object was allocated.
  See https://docs.pytest.org/en/stable/how-to/capture-warnings.html#resource-warnings for more info.

tests/unit/test_ai_usage.py::test_ai_usage_store_and_cap_enforcement
  C:\Users\Tahir\Documents\GitHub\finalFPA\app\engine\ai\usage.py:137: ResourceWarning: unclosed database in <sqlite3.Connection object at 0x0000021ED3342E30>
    rows = [dict(r) for r in cur.fetchall()]
  Enable tracemalloc to get traceback where the object was allocated.
  See https://docs.pytest.org/en/stable/how-to/capture-warnings.html#resource-warnings for more info.

tests/unit/test_ai_usage.py::test_ai_usage_store_and_cap_enforcement
  C:\Users\Tahir\Documents\GitHub\finalFPA\app\engine\ai\usage.py:137: ResourceWarning: unclosed database in <sqlite3.Connection object at 0x0000021ED3342C50>
    rows = [dict(r) for r in cur.fetchall()]
  Enable tracemalloc to get traceback where the object was allocated.
  See https://docs.pytest.org/en/stable/how-to/capture-warnings.html#resource-warnings for more info.

tests/unit/test_ai_usage.py::test_ai_usage_store_and_cap_enforcement
  C:\Users\Tahir\Documents\GitHub\finalFPA\app\engine\ai\usage.py:137: ResourceWarning: unclosed database in <sqlite3.Connection object at 0x0000021ED3343B50>
    rows = [dict(r) for r in cur.fetchall()]
  Enable tracemalloc to get traceback where the object was allocated.
  See https://docs.pytest.org/en/stable/how-to/capture-warnings.html#resource-warnings for more info.

tests/unit/test_ai_usage.py::test_ai_usage_store_and_cap_enforcement
  C:\Users\Tahir\Documents\GitHub\finalFPA\app\engine\ai\usage.py:137: ResourceWarning: unclosed database in <sqlite3.Connection object at 0x0000021ED3343E20>
    rows = [dict(r) for r in cur.fetchall()]
  Enable tracemalloc to get traceback where the object was allocated.
  See https://docs.pytest.org/en/stable/how-to/capture-warnings.html#resource-warnings for more info.

tests/unit/test_ai_usage.py::test_ai_usage_store_and_cap_enforcement
  C:\Users\Tahir\Documents\GitHub\finalFPA\app\engine\ai\usage.py:137: ResourceWarning: unclosed database in <sqlite3.Connection object at 0x0000021ED33424D0>
    rows = [dict(r) for r in cur.fetchall()]
  Enable tracemalloc to get traceback where the object was allocated.
  See https://docs.pytest.org/en/stable/how-to/capture-warnings.html#resource-warnings for more info.

tests/unit/test_ai_usage.py::test_ai_usage_store_and_cap_enforcement
  C:\Users\Tahir\Documents\GitHub\finalFPA\app\engine\ai\usage.py:137: ResourceWarning: unclosed database in <sqlite3.Connection object at 0x0000021ED3343100>
    rows = [dict(r) for r in cur.fetchall()]
  Enable tracemalloc to get traceback where the object was allocated.
  See https://docs.pytest.org/en/stable/how-to/capture-warnings.html#resource-warnings for more info.

tests/unit/test_ai_usage.py::test_ai_usage_store_and_cap_enforcement
  C:\Users\Tahir\Documents\GitHub\finalFPA\app\engine\ai\usage.py:137: ResourceWarning: unclosed database in <sqlite3.Connection object at 0x0000021ED3342890>
    rows = [dict(r) for r in cur.fetchall()]
  Enable tracemalloc to get traceback where the object was allocated.
  See https://docs.pytest.org/en/stable/how-to/capture-warnings.html#resource-warnings for more info.

tests/unit/test_ai_usage.py::test_ai_usage_store_and_cap_enforcement
  C:\Users\Tahir\Documents\GitHub\finalFPA\app\engine\ai\usage.py:137: ResourceWarning: unclosed database in <sqlite3.Connection object at 0x0000021ED3342B60>
    rows = [dict(r) for r in cur.fetchall()]
  Enable tracemalloc to get traceback where the object was allocated.
  See https://docs.pytest.org/en/stable/how-to/capture-warnings.html#resource-warnings for more info.

tests/unit/test_ai_usage.py::test_ai_usage_store_and_cap_enforcement
  C:\Users\Tahir\Documents\GitHub\finalFPA\app\engine\ai\usage.py:137: ResourceWarning: unclosed database in <sqlite3.Connection object at 0x0000021ED33426B0>
    rows = [dict(r) for r in cur.fetchall()]
  Enable tracemalloc to get traceback where the object was allocated.
  See https://docs.pytest.org/en/stable/how-to/capture-warnings.html#resource-warnings for more info.

tests/unit/test_ai_usage.py::test_ai_usage_store_and_cap_enforcement
  C:\Users\Tahir\Documents\GitHub\finalFPA\app\engine\ai\usage.py:137: ResourceWarning: unclosed database in <sqlite3.Connection object at 0x0000021ED33423E0>
    rows = [dict(r) for r in cur.fetchall()]
  Enable tracemalloc to get traceback where the object was allocated.
  See https://docs.pytest.org/en/stable/how-to/capture-warnings.html#resource-warnings for more info.

tests/unit/test_ai_usage.py::test_ai_usage_store_and_cap_enforcement
  C:\Users\Tahir\Documents\GitHub\finalFPA\app\engine\ai\usage.py:137: ResourceWarning: unclosed database in <sqlite3.Connection object at 0x0000021ED33427A0>
    rows = [dict(r) for r in cur.fetchall()]
  Enable tracemalloc to get traceback where the object was allocated.
  See https://docs.pytest.org/en/stable/how-to/capture-warnings.html#resource-warnings for more info.

tests/unit/test_ai_usage.py::test_ai_usage_store_and_cap_enforcement
  C:\Users\Tahir\Documents\GitHub\finalFPA\app\engine\ai\usage.py:137: ResourceWarning: unclosed database in <sqlite3.Connection object at 0x0000021ED3342A70>
    rows = [dict(r) for r in cur.fetchall()]
  Enable tracemalloc to get traceback where the object was allocated.
  See https://docs.pytest.org/en/stable/how-to/capture-warnings.html#resource-warnings for more info.

tests/unit/test_ai_usage.py::test_ai_usage_store_and_cap_enforcement
  C:\Users\Tahir\Documents\GitHub\finalFPA\app\engine\ai\usage.py:137: ResourceWarning: unclosed database in <sqlite3.Connection object at 0x0000021ED3342980>
    rows = [dict(r) for r in cur.fetchall()]
  Enable tracemalloc to get traceback where the object was allocated.
  See https://docs.pytest.org/en/stable/how-to/capture-warnings.html#resource-warnings for more info.

tests/unit/test_ai_usage.py::test_ai_usage_store_and_cap_enforcement
  C:\Users\Tahir\Documents\GitHub\finalFPA\app\engine\ai\usage.py:137: ResourceWarning: unclosed database in <sqlite3.Connection object at 0x0000021EA86ED210>
    rows = [dict(r) for r in cur.fetchall()]
  Enable tracemalloc to get traceback where the object was allocated.
  See https://docs.pytest.org/en/stable/how-to/capture-warnings.html#resource-warnings for more info.

tests/unit/test_ai_usage.py::test_ai_usage_store_and_cap_enforcement
  C:\Users\Tahir\Documents\GitHub\finalFPA\app\engine\ai\usage.py:137: ResourceWarning: unclosed database in <sqlite3.Connection object at 0x0000021EA86EE2F0>
    rows = [dict(r) for r in cur.fetchall()]
  Enable tracemalloc to get traceback where the object was allocated.
  See https://docs.pytest.org/en/stable/how-to/capture-warnings.html#resource-warnings for more info.

tests/unit/test_ai_usage.py::test_ai_usage_store_and_cap_enforcement
  C:\Users\Tahir\Documents\GitHub\finalFPA\app\engine\ai\usage.py:137: ResourceWarning: unclosed database in <sqlite3.Connection object at 0x0000021EA86EE110>
    rows = [dict(r) for r in cur.fetchall()]
  Enable tracemalloc to get traceback where the object was allocated.
  See https://docs.pytest.org/en/stable/how-to/capture-warnings.html#resource-warnings for more info.

tests/unit/test_ai_usage.py::test_ai_usage_store_and_cap_enforcement
  C:\Users\Tahir\Documents\GitHub\finalFPA\app\engine\ai\usage.py:137: ResourceWarning: unclosed database in <sqlite3.Connection object at 0x0000021EA86EDE40>
    rows = [dict(r) for r in cur.fetchall()]
  Enable tracemalloc to get traceback where the object was allocated.
  See https://docs.pytest.org/en/stable/how-to/capture-warnings.html#resource-warnings for more info.

tests/unit/test_ai_usage.py::test_ai_usage_store_and_cap_enforcement
  C:\Users\Tahir\Documents\GitHub\finalFPA\app\engine\ai\usage.py:137: ResourceWarning: unclosed database in <sqlite3.Connection object at 0x0000021EA86EDF30>
    rows = [dict(r) for r in cur.fetchall()]
  Enable tracemalloc to get traceback where the object was allocated.
  See https://docs.pytest.org/en/stable/how-to/capture-warnings.html#resource-warnings for more info.

tests/unit/test_ai_usage.py::test_ai_usage_store_and_cap_enforcement
  C:\Users\Tahir\Documents\GitHub\finalFPA\app\engine\ai\usage.py:137: ResourceWarning: unclosed database in <sqlite3.Connection object at 0x0000021EA86EC310>
    rows = [dict(r) for r in cur.fetchall()]
  Enable tracemalloc to get traceback where the object was allocated.
  See https://docs.pytest.org/en/stable/how-to/capture-warnings.html#resource-warnings for more info.

tests/unit/test_ai_usage.py::test_ai_usage_store_and_cap_enforcement
  C:\Users\Tahir\Documents\GitHub\finalFPA\app\engine\ai\usage.py:137: ResourceWarning: unclosed database in <sqlite3.Connection object at 0x0000021EA86EC220>
    rows = [dict(r) for r in cur.fetchall()]
  Enable tracemalloc to get traceback where the object was allocated.
  See https://docs.pytest.org/en/stable/how-to/capture-warnings.html#resource-warnings for more info.

tests/unit/test_ai_usage.py::test_ai_usage_store_and_cap_enforcement
  C:\Users\Tahir\Documents\GitHub\finalFPA\app\engine\ai\usage.py:137: ResourceWarning: unclosed database in <sqlite3.Connection object at 0x0000021EA86EC8B0>
    rows = [dict(r) for r in cur.fetchall()]
  Enable tracemalloc to get traceback where the object was allocated.
  See https://docs.pytest.org/en/stable/how-to/capture-warnings.html#resource-warnings for more info.

tests/unit/test_ai_usage.py::test_ai_usage_store_and_cap_enforcement
  C:\Users\Tahir\Documents\GitHub\finalFPA\app\engine\ai\usage.py:137: ResourceWarning: unclosed database in <sqlite3.Connection object at 0x0000021EA86EC400>
    rows = [dict(r) for r in cur.fetchall()]
  Enable tracemalloc to get traceback where the object was allocated.
  See https://docs.pytest.org/en/stable/how-to/capture-warnings.html#resource-warnings for more info.

tests/unit/test_ai_usage.py::test_ai_usage_store_and_cap_enforcement
  C:\Users\Tahir\Documents\GitHub\finalFPA\app\engine\ai\usage.py:137: ResourceWarning: unclosed database in <sqlite3.Connection object at 0x0000021EA86ED5D0>
    rows = [dict(r) for r in cur.fetchall()]
  Enable tracemalloc to get traceback where the object was allocated.
  See https://docs.pytest.org/en/stable/how-to/capture-warnings.html#resource-warnings for more info.

tests/unit/test_ai_usage.py::test_ai_usage_store_and_cap_enforcement
  C:\Users\Tahir\Documents\GitHub\finalFPA\app\engine\ai\usage.py:137: ResourceWarning: unclosed database in <sqlite3.Connection object at 0x0000021EA86EEB60>
    rows = [dict(r) for r in cur.fetchall()]
  Enable tracemalloc to get traceback where the object was allocated.
  See https://docs.pytest.org/en/stable/how-to/capture-warnings.html#resource-warnings for more info.

tests/unit/test_ai_usage.py::test_ai_usage_store_and_cap_enforcement
  C:\Users\Tahir\Documents\GitHub\finalFPA\app\engine\ai\usage.py:137: ResourceWarning: unclosed database in <sqlite3.Connection object at 0x0000021EA86ED300>
    rows = [dict(r) for r in cur.fetchall()]
  Enable tracemalloc to get traceback where the object was allocated.
  See https://docs.pytest.org/en/stable/how-to/capture-warnings.html#resource-warnings for more info.

tests/unit/test_ai_usage.py::test_ai_usage_store_and_cap_enforcement
  C:\Users\Tahir\Documents\GitHub\finalFPA\app\engine\ai\usage.py:137: ResourceWarning: unclosed database in <sqlite3.Connection object at 0x0000021EA86ED8A0>
    rows = [dict(r) for r in cur.fetchall()]
  Enable tracemalloc to get traceback where the object was allocated.
  See https://docs.pytest.org/en/stable/how-to/capture-warnings.html#resource-warnings for more info.

tests/unit/test_ai_usage.py::test_ai_usage_store_and_cap_enforcement
  C:\Users\Tahir\Documents\GitHub\finalFPA\app\engine\ai\usage.py:137: ResourceWarning: unclosed database in <sqlite3.Connection object at 0x0000021EA86EE3E0>
    rows = [dict(r) for r in cur.fetchall()]
  Enable tracemalloc to get traceback where the object was allocated.
  See https://docs.pytest.org/en/stable/how-to/capture-warnings.html#resource-warnings for more info.

tests/unit/test_ai_usage.py::test_ai_usage_store_and_cap_enforcement
  C:\Users\Tahir\Documents\GitHub\finalFPA\app\engine\ai\usage.py:137: ResourceWarning: unclosed database in <sqlite3.Connection object at 0x0000021ED33E4040>
    rows = [dict(r) for r in cur.fetchall()]
  Enable tracemalloc to get traceback where the object was allocated.
  See https://docs.pytest.org/en/stable/how-to/capture-warnings.html#resource-warnings for more info.

tests/unit/test_ai_usage.py::test_ai_usage_store_and_cap_enforcement
  C:\Users\Tahir\Documents\GitHub\finalFPA\app\engine\ai\usage.py:137: ResourceWarning: unclosed database in <sqlite3.Connection object at 0x0000021ED33E4130>
    rows = [dict(r) for r in cur.fetchall()]
  Enable tracemalloc to get traceback where the object was allocated.
  See https://docs.pytest.org/en/stable/how-to/capture-warnings.html#resource-warnings for more info.

tests/unit/test_control_totals_import.py::test_prescan_and_parse_excel_read_data_sheet_and_control_totals
  C:\Users\Tahir\AppData\Roaming\Python\Python314\site-packages\openpyxl\cell\cell.py:164: ResourceWarning: unclosed database in <sqlite3.Connection object at 0x0000021ED33E4310>
    if next(ILLEGAL_CHARACTERS_RE.finditer(value), None):
  Enable tracemalloc to get traceback where the object was allocated.
  See https://docs.pytest.org/en/stable/how-to/capture-warnings.html#resource-warnings for more info.

tests/unit/test_control_totals_import.py::test_prescan_and_parse_excel_read_data_sheet_and_control_totals
  C:\Users\Tahir\AppData\Roaming\Python\Python314\site-packages\openpyxl\cell\cell.py:164: ResourceWarning: unclosed database in <sqlite3.Connection object at 0x0000021ED33E4400>
    if next(ILLEGAL_CHARACTERS_RE.finditer(value), None):
  Enable tracemalloc to get traceback where the object was allocated.
  See https://docs.pytest.org/en/stable/how-to/capture-warnings.html#resource-warnings for more info.

tests/unit/test_control_totals_import.py::test_prescan_and_parse_excel_read_data_sheet_and_control_totals
  C:\Users\Tahir\AppData\Roaming\Python\Python314\site-packages\openpyxl\cell\cell.py:164: ResourceWarning: unclosed database in <sqlite3.Connection object at 0x0000021ED33E44F0>
    if next(ILLEGAL_CHARACTERS_RE.finditer(value), None):
  Enable tracemalloc to get traceback where the object was allocated.
  See https://docs.pytest.org/en/stable/how-to/capture-warnings.html#resource-warnings for more info.

tests/unit/test_control_totals_import.py::test_unaccepted_control_total_variance_rejects_without_committing_facts
  C:\Users\Tahir\AppData\Roaming\Python\Python314\site-packages\openpyxl\descriptors\serialisable.py:59: ResourceWarning: unclosed database in <sqlite3.Connection object at 0x0000021ED33E5120>
    for key in list(attrib):
  Enable tracemalloc to get traceback where the object was allocated.
  See https://docs.pytest.org/en/stable/how-to/capture-warnings.html#resource-warnings for more info.

tests/unit/test_control_totals_import.py::test_accepted_control_total_is_persisted_and_raises_exc_003
  C:\Users\Tahir\AppData\Roaming\Python\Python314\site-packages\openpyxl\styles\colors.py:59: ResourceWarning: unclosed database in <sqlite3.Connection object at 0x0000021ED33E4E50>
    m = aRGB_REGEX.match(value)
  Enable tracemalloc to get traceback where the object was allocated.
  See https://docs.pytest.org/en/stable/how-to/capture-warnings.html#resource-warnings for more info.

tests/unit/test_control_totals_import.py::test_excel_missing_voucher_column_is_reported_as_imp005
  C:\Users\Tahir\AppData\Roaming\Python\Python314\site-packages\openpyxl\styles\colors.py:59: ResourceWarning: unclosed database in <sqlite3.Connection object at 0x0000021ED33E5300>
    m = aRGB_REGEX.match(value)
  Enable tracemalloc to get traceback where the object was allocated.
  See https://docs.pytest.org/en/stable/how-to/capture-warnings.html#resource-warnings for more info.

tests/unit/test_control_totals_import.py::test_excel_duplicate_headers_are_blocked
  C:\Users\Tahir\AppData\Roaming\Python\Python314\site-packages\openpyxl\descriptors\serialisable.py:59: ResourceWarning: unclosed database in <sqlite3.Connection object at 0x0000021ED33E53F0>
    for key in list(attrib):
  Enable tracemalloc to get traceback where the object was allocated.
  See https://docs.pytest.org/en/stable/how-to/capture-warnings.html#resource-warnings for more info.

tests/unit/test_def010_batch_metadata.py::test_rejected_batch_commits_no_rows[actuals_d365]
  <string>:2: ResourceWarning: unclosed database in <sqlite3.Connection object at 0x0000021ED33E56C0>
  Enable tracemalloc to get traceback where the object was allocated.
  See https://docs.pytest.org/en/stable/how-to/capture-warnings.html#resource-warnings for more info.

tests/unit/test_def010_batch_metadata.py::test_rejected_batch_commits_no_rows[actuals_d365]
  <string>:2: ResourceWarning: unclosed database in <sqlite3.Connection object at 0x0000021ED33E5210>
  Enable tracemalloc to get traceback where the object was allocated.
  See https://docs.pytest.org/en/stable/how-to/capture-warnings.html#resource-warnings for more info.

tests/unit/test_def010_batch_metadata.py::test_rejected_batch_commits_no_rows[actuals_d365]
  <string>:2: ResourceWarning: unclosed database in <sqlite3.Connection object at 0x0000021ED33E55D0>
  Enable tracemalloc to get traceback where the object was allocated.
  See https://docs.pytest.org/en/stable/how-to/capture-warnings.html#resource-warnings for more info.

tests/unit/test_def010_batch_metadata.py::test_rejected_batch_commits_no_rows[actuals_d365]
  <string>:2: ResourceWarning: unclosed database in <sqlite3.Connection object at 0x0000021ED33E54E0>
  Enable tracemalloc to get traceback where the object was allocated.
  See https://docs.pytest.org/en/stable/how-to/capture-warnings.html#resource-warnings for more info.

tests/unit/test_def010_batch_metadata.py::test_rejected_batch_commits_no_rows[actuals_d365]
  <string>:2: ResourceWarning: unclosed database in <sqlite3.Connection object at 0x0000021ED33E57B0>
  Enable tracemalloc to get traceback where the object was allocated.
  See https://docs.pytest.org/en/stable/how-to/capture-warnings.html#resource-warnings for more info.

tests/unit/test_def010_batch_metadata.py::test_rejected_batch_commits_no_rows[actuals_d365]
  <string>:2: ResourceWarning: unclosed database in <sqlite3.Connection object at 0x0000021ED33E58A0>
  Enable tracemalloc to get traceback where the object was allocated.
  See https://docs.pytest.org/en/stable/how-to/capture-warnings.html#resource-warnings for more info.

tests/unit/test_def010_batch_metadata.py::test_rejected_batch_commits_no_rows[actuals_d365]
  <string>:2: ResourceWarning: unclosed database in <sqlite3.Connection object at 0x0000021ED33E5990>
  Enable tracemalloc to get traceback where the object was allocated.
  See https://docs.pytest.org/en/stable/how-to/capture-warnings.html#resource-warnings for more info.

tests/unit/test_def010_batch_metadata.py::test_rejected_batch_commits_no_rows[actuals_d365]
  <string>:2: ResourceWarning: unclosed database in <sqlite3.Connection object at 0x0000021ED33E5A80>
  Enable tracemalloc to get traceback where the object was allocated.
  See https://docs.pytest.org/en/stable/how-to/capture-warnings.html#resource-warnings for more info.

tests/unit/test_def010_batch_metadata.py::test_rejected_batch_commits_no_rows[actuals_d365]
  <string>:2: ResourceWarning: unclosed database in <sqlite3.Connection object at 0x0000021ED33E5B70>
  Enable tracemalloc to get traceback where the object was allocated.
  See https://docs.pytest.org/en/stable/how-to/capture-warnings.html#resource-warnings for more info.

tests/unit/test_def010_batch_metadata.py::test_rejected_batch_commits_no_rows[actuals_d365]
  <string>:2: ResourceWarning: unclosed database in <sqlite3.Connection object at 0x0000021ED33E5C60>
  Enable tracemalloc to get traceback where the object was allocated.
  See https://docs.pytest.org/en/stable/how-to/capture-warnings.html#resource-warnings for more info.

tests/unit/test_def013_guard_vacuous_asserts.py::test_def013_guard_no_swallowed_assertions
  C:\Python314\Lib\ast.py:46: ResourceWarning: unclosed database in <sqlite3.Connection object at 0x0000021ED33E5030>
    return compile(source, filename, mode, flags,
  Enable tracemalloc to get traceback where the object was allocated.
  See https://docs.pytest.org/en/stable/how-to/capture-warnings.html#resource-warnings for more info.

tests/unit/test_def013_guard_vacuous_asserts.py::test_def013_guard_no_swallowed_assertions
  C:\Python314\Lib\ast.py:46: ResourceWarning: unclosed database in <sqlite3.Connection object at 0x0000021ED33E4F40>
    return compile(source, filename, mode, flags,
  Enable tracemalloc to get traceback where the object was allocated.
  See https://docs.pytest.org/en/stable/how-to/capture-warnings.html#resource-warnings for more info.

tests/unit/test_def013_guard_vacuous_asserts.py::test_def013_guard_no_swallowed_assertions
  C:\Python314\Lib\ast.py:46: ResourceWarning: unclosed database in <sqlite3.Connection object at 0x0000021ED33E5D50>
    return compile(source, filename, mode, flags,
  Enable tracemalloc to get traceback where the object was allocated.
  See https://docs.pytest.org/en/stable/how-to/capture-warnings.html#resource-warnings for more info.

tests/unit/test_def013_guard_vacuous_asserts.py::test_def013_guard_no_swallowed_assertions
  C:\Python314\Lib\ast.py:46: ResourceWarning: unclosed database in <sqlite3.Connection object at 0x0000021ED33E5E40>
    return compile(source, filename, mode, flags,
  Enable tracemalloc to get traceback where the object was allocated.
  See https://docs.pytest.org/en/stable/how-to/capture-warnings.html#resource-warnings for more info.

tests/unit/test_def013_guard_vacuous_asserts.py::test_def013_guard_no_swallowed_assertions
  C:\Python314\Lib\ast.py:46: ResourceWarning: unclosed database in <sqlite3.Connection object at 0x0000021ED33E5F30>
    return compile(source, filename, mode, flags,
  Enable tracemalloc to get traceback where the object was allocated.
  See https://docs.pytest.org/en/stable/how-to/capture-warnings.html#resource-warnings for more info.

tests/unit/test_def013_guard_vacuous_asserts.py::test_def013_guard_no_swallowed_assertions
  C:\Python314\Lib\ast.py:46: ResourceWarning: unclosed database in <sqlite3.Connection object at 0x0000021ED33E6020>
    return compile(source, filename, mode, flags,
  Enable tracemalloc to get traceback where the object was allocated.
  See https://docs.pytest.org/en/stable/how-to/capture-warnings.html#resource-warnings for more info.

tests/unit/test_def013_guard_vacuous_asserts.py::test_def013_guard_no_swallowed_assertions
  C:\Python314\Lib\ast.py:46: ResourceWarning: unclosed database in <sqlite3.Connection object at 0x0000021ED33E6110>
    return compile(source, filename, mode, flags,
  Enable tracemalloc to get traceback where the object was allocated.
  See https://docs.pytest.org/en/stable/how-to/capture-warnings.html#resource-warnings for more info.

tests/unit/test_def013_guard_vacuous_asserts.py::test_def013_guard_no_swallowed_assertions
  C:\Python314\Lib\ast.py:46: ResourceWarning: unclosed database in <sqlite3.Connection object at 0x0000021ED33E6200>
    return compile(source, filename, mode, flags,
  Enable tracemalloc to get traceback where the object was allocated.
  See https://docs.pytest.org/en/stable/how-to/capture-warnings.html#resource-warnings for more info.

tests/unit/test_def013_guard_vacuous_asserts.py::test_def013_guard_no_swallowed_assertions
  C:\Python314\Lib\ast.py:46: ResourceWarning: unclosed database in <sqlite3.Connection object at 0x0000021ED33E62F0>
    return compile(source, filename, mode, flags,
  Enable tracemalloc to get traceback where the object was allocated.
  See https://docs.pytest.org/en/stable/how-to/capture-warnings.html#resource-warnings for more info.

tests/unit/test_def013_guard_vacuous_asserts.py::test_def013_guard_no_swallowed_assertions
  C:\Python314\Lib\ast.py:46: ResourceWarning: unclosed database in <sqlite3.Connection object at 0x0000021ED33E63E0>
    return compile(source, filename, mode, flags,
  Enable tracemalloc to get traceback where the object was allocated.
  See https://docs.pytest.org/en/stable/how-to/capture-warnings.html#resource-warnings for more info.

tests/unit/test_def013_guard_vacuous_asserts.py::test_def013_guard_no_swallowed_assertions
  C:\Python314\Lib\ast.py:46: ResourceWarning: unclosed database in <sqlite3.Connection object at 0x0000021ED33E64D0>
    return compile(source, filename, mode, flags,
  Enable tracemalloc to get traceback where the object was allocated.
  See https://docs.pytest.org/en/stable/how-to/capture-warnings.html#resource-warnings for more info.

tests/unit/test_def013_guard_vacuous_asserts.py::test_def013_guard_no_swallowed_assertions
  <unknown>:25: SyntaxWarning: "\d" is an invalid escape sequence. Such sequences will not work in the future. Did you mean "\\d"? A raw string is also an option.

tests/unit/test_desktop_shell.py::test_launch_app_blocked_by_mutex
  C:\Python314\Lib\unittest\mock.py:2259: ResourceWarning: unclosed database in <sqlite3.Connection object at 0x0000021ED33F0E50>
    def __init__(self, name, parent):
  Enable tracemalloc to get traceback where the object was allocated.
  See https://docs.pytest.org/en/stable/how-to/capture-warnings.html#resource-warnings for more info.

tests/unit/test_desktop_shell.py::test_launch_app_blocked_by_mutex
  C:\Python314\Lib\unittest\mock.py:2259: ResourceWarning: unclosed database in <sqlite3.Connection object at 0x0000021ED33F0D60>
    def __init__(self, name, parent):
  Enable tracemalloc to get traceback where the object was allocated.
  See https://docs.pytest.org/en/stable/how-to/capture-warnings.html#resource-warnings for more info.

tests/unit/test_desktop_shell.py::test_launch_app_blocked_by_mutex
  C:\Python314\Lib\unittest\mock.py:2259: ResourceWarning: unclosed database in <sqlite3.Connection object at 0x0000021ED33F0F40>
    def __init__(self, name, parent):
  Enable tracemalloc to get traceback where the object was allocated.
  See https://docs.pytest.org/en/stable/how-to/capture-warnings.html#resource-warnings for more info.

tests/unit/test_desktop_shell.py::test_launch_app_blocked_by_mutex
  C:\Python314\Lib\unittest\mock.py:2259: ResourceWarning: unclosed database in <sqlite3.Connection object at 0x0000021ED33F1030>
    def __init__(self, name, parent):
  Enable tracemalloc to get traceback where the object was allocated.
  See https://docs.pytest.org/en/stable/how-to/capture-warnings.html#resource-warnings for more info.

tests/unit/test_desktop_shell.py::test_launch_app_blocked_by_mutex
  C:\Python314\Lib\unittest\mock.py:2259: ResourceWarning: unclosed database in <sqlite3.Connection object at 0x0000021ED33F1120>
    def __init__(self, name, parent):
  Enable tracemalloc to get traceback where the object was allocated.
  See https://docs.pytest.org/en/stable/how-to/capture-warnings.html#resource-warnings for more info.

tests/unit/test_desktop_shell.py::test_launch_app_blocked_by_mutex
  C:\Python314\Lib\unittest\mock.py:2259: ResourceWarning: unclosed database in <sqlite3.Connection object at 0x0000021ED33F1300>
    def __init__(self, name, parent):
  Enable tracemalloc to get traceback where the object was allocated.
  See https://docs.pytest.org/en/stable/how-to/capture-warnings.html#resource-warnings for more info.

tests/unit/test_excel_pack.py::test_sheet_names_and_order
  C:\Users\Tahir\AppData\Roaming\Python\Python314\site-packages\openpyxl\worksheet\properties.py:20: ResourceWarning: unclosed database in <sqlite3.Connection object at 0x0000021ED33F22F0>
    def __init__(self,
  Enable tracemalloc to get traceback where the object was allocated.
  See https://docs.pytest.org/en/stable/how-to/capture-warnings.html#resource-warnings for more info.

tests/unit/test_forecast_scenarios.py::test_scenario_adjustment_math
  <string>:20: DeprecationWarning: datetime.datetime.utcnow() is deprecated and scheduled for removal in a future version. Use timezone-aware objects to represent datetimes in UTC: datetime.datetime.now(datetime.UTC).

tests/unit/test_forecast_scenarios.py::test_scenario_adjustment_math
tests/unit/test_forecast_scenarios.py::test_scenario_adjustment_math
  C:\Users\Tahir\Documents\GitHub\finalFPA\app\engine\forecast\scenarios.py:364: DeprecationWarning: datetime.datetime.utcnow() is deprecated and scheduled for removal in a future version. Use timezone-aware objects to represent datetimes in UTC: datetime.datetime.now(datetime.UTC).
    generated_at=datetime.utcnow(),

tests/unit/test_forecast_scenarios.py::test_scenario_adjustment_math
tests/unit/test_forecast_scenarios.py::test_scenario_adjustment_math
  C:\Users\Tahir\Documents\GitHub\finalFPA\app\engine\forecast\scenarios.py:377: DeprecationWarning: datetime.datetime.utcnow() is deprecated and scheduled for removal in a future version. Use timezone-aware objects to represent datetimes in UTC: datetime.datetime.now(datetime.UTC).
    generated_at=datetime.utcnow(),

tests/unit/test_forecast_scenarios.py::test_forecast_version_lifecycle
  <string>:10: DeprecationWarning: datetime.datetime.utcnow() is deprecated and scheduled for removal in a future version. Use timezone-aware objects to represent datetimes in UTC: datetime.datetime.now(datetime.UTC).

tests/unit/test_forecast_scenarios.py::test_forecast_version_lifecycle
  C:\Users\Tahir\Documents\GitHub\finalFPA\app\engine\forecast\scenarios.py:241: DeprecationWarning: datetime.datetime.utcnow() is deprecated and scheduled for removal in a future version. Use timezone-aware objects to represent datetimes in UTC: datetime.datetime.now(datetime.UTC).
    self.locked_at = locked_at or datetime.utcnow()

tests/unit/test_formula_error_cell_handling.py::test_formula_and_error_cell_handling
  C:\Python314\Lib\xml\etree\ElementTree.py:1315: ResourceWarning: unclosed database in <sqlite3.Connection object at 0x0000021ED33F1F30>
    self._parser.feed(data)
  Enable tracemalloc to get traceback where the object was allocated.
  See https://docs.pytest.org/en/stable/how-to/capture-warnings.html#resource-warnings for more info.

tests/unit/test_imports.py::test_parse_and_validate_bank_ledger
  C:\Users\Tahir\Documents\GitHub\finalFPA\app\engine\imports\parser.py:645: ResourceWarning: unclosed database in <sqlite3.Connection object at 0x0000021ED33F26B0>
    if not row or all(c.strip() == "" for c in row):
  Enable tracemalloc to get traceback where the object was allocated.
  See https://docs.pytest.org/en/stable/how-to/capture-warnings.html#resource-warnings for more info.

tests/unit/test_imports.py::test_parse_and_validate_bank_ledger
  C:\Users\Tahir\Documents\GitHub\finalFPA\app\engine\imports\parser.py:645: ResourceWarning: unclosed database in <sqlite3.Connection object at 0x0000021ED33F1E40>
    if not row or all(c.strip() == "" for c in row):
  Enable tracemalloc to get traceback where the object was allocated.
  See https://docs.pytest.org/en/stable/how-to/capture-warnings.html#resource-warnings for more info.

tests/unit/test_imports.py::test_parse_and_validate_bank_ledger
  C:\Users\Tahir\Documents\GitHub\finalFPA\app\engine\imports\parser.py:645: ResourceWarning: unclosed database in <sqlite3.Connection object at 0x0000021ED33F17B0>
    if not row or all(c.strip() == "" for c in row):
  Enable tracemalloc to get traceback where the object was allocated.
  See https://docs.pytest.org/en/stable/how-to/capture-warnings.html#resource-warnings for more info.

tests/unit/test_imports.py::test_parse_and_validate_bank_ledger
  C:\Users\Tahir\Documents\GitHub\finalFPA\app\engine\imports\parser.py:645: ResourceWarning: unclosed database in <sqlite3.Connection object at 0x0000021ED33F18A0>
    if not row or all(c.strip() == "" for c in row):
  Enable tracemalloc to get traceback where the object was allocated.
  See https://docs.pytest.org/en/stable/how-to/capture-warnings.html#resource-warnings for more info.

tests/unit/test_imports.py::test_parse_and_validate_bank_ledger
  C:\Users\Tahir\Documents\GitHub\finalFPA\app\engine\imports\parser.py:645: ResourceWarning: unclosed database in <sqlite3.Connection object at 0x0000021ED33F1A80>
    if not row or all(c.strip() == "" for c in row):
  Enable tracemalloc to get traceback where the object was allocated.
  See https://docs.pytest.org/en/stable/how-to/capture-warnings.html#resource-warnings for more info.

tests/unit/test_math_floor_d15.py::TestNumberFormattingEdges::test_float_input
  C:\Users\Tahir\AppData\Roaming\Python\Python314\site-packages\_pytest\fixtures.py:1254: ResourceWarning: unclosed database in <sqlite3.Connection object at 0x0000021ED33F24D0>
    def __init__(self, request: FixtureRequest) -> None:
  Enable tracemalloc to get traceback where the object was allocated.
  See https://docs.pytest.org/en/stable/how-to/capture-warnings.html#resource-warnings for more info.

tests/unit/test_math_floor_d15.py::TestNumberFormattingEdges::test_float_input
  C:\Users\Tahir\AppData\Roaming\Python\Python314\site-packages\_pytest\fixtures.py:1254: ResourceWarning: unclosed database in <sqlite3.Connection object at 0x0000021ED3342D40>
    def __init__(self, request: FixtureRequest) -> None:
  Enable tracemalloc to get traceback where the object was allocated.
  See https://docs.pytest.org/en/stable/how-to/capture-warnings.html#resource-warnings for more info.

tests/unit/test_math_floor_d15.py::TestNumberFormattingEdges::test_float_input
  C:\Users\Tahir\AppData\Roaming\Python\Python314\site-packages\_pytest\fixtures.py:1254: ResourceWarning: unclosed database in <sqlite3.Connection object at 0x0000021ED3343D30>
    def __init__(self, request: FixtureRequest) -> None:
  Enable tracemalloc to get traceback where the object was allocated.
  See https://docs.pytest.org/en/stable/how-to/capture-warnings.html#resource-warnings for more info.

tests/unit/test_math_floor_d15.py::TestNumberFormattingEdges::test_float_input
  C:\Users\Tahir\AppData\Roaming\Python\Python314\site-packages\_pytest\fixtures.py:1254: ResourceWarning: unclosed database in <sqlite3.Connection object at 0x0000021ED3343A60>
    def __init__(self, request: FixtureRequest) -> None:
  Enable tracemalloc to get traceback where the object was allocated.
  See https://docs.pytest.org/en/stable/how-to/capture-warnings.html#resource-warnings for more info.

tests/unit/test_math_floor_d15.py::TestNumberFormattingEdges::test_float_input
  C:\Users\Tahir\AppData\Roaming\Python\Python314\site-packages\_pytest\fixtures.py:1254: ResourceWarning: unclosed database in <sqlite3.Connection object at 0x0000021ED33F27A0>
    def __init__(self, request: FixtureRequest) -> None:
  Enable tracemalloc to get traceback where the object was allocated.
  See https://docs.pytest.org/en/stable/how-to/capture-warnings.html#resource-warnings for more info.

tests/unit/test_math_floor_d15.py::TestNumberFormattingEdges::test_float_input
  C:\Users\Tahir\AppData\Roaming\Python\Python314\site-packages\_pytest\fixtures.py:1254: ResourceWarning: unclosed database in <sqlite3.Connection object at 0x0000021ED33F1990>
    def __init__(self, request: FixtureRequest) -> None:
  Enable tracemalloc to get traceback where the object was allocated.
  See https://docs.pytest.org/en/stable/how-to/capture-warnings.html#resource-warnings for more info.

tests/unit/test_math_floor_d15.py::TestNumberFormattingEdges::test_float_input
  C:\Users\Tahir\AppData\Roaming\Python\Python314\site-packages\_pytest\fixtures.py:1254: ResourceWarning: unclosed database in <sqlite3.Connection object at 0x0000021ED33F25C0>
    def __init__(self, request: FixtureRequest) -> None:
  Enable tracemalloc to get traceback where the object was allocated.
  See https://docs.pytest.org/en/stable/how-to/capture-warnings.html#resource-warnings for more info.

tests/unit/test_math_floor_d15.py::TestNumberFormattingEdges::test_float_input
  C:\Users\Tahir\AppData\Roaming\Python\Python314\site-packages\_pytest\fixtures.py:1254: ResourceWarning: unclosed database in <sqlite3.Connection object at 0x0000021ED33F2110>
    def __init__(self, request: FixtureRequest) -> None:
  Enable tracemalloc to get traceback where the object was allocated.
  See https://docs.pytest.org/en/stable/how-to/capture-warnings.html#resource-warnings for more info.

tests/unit/test_math_floor_d15.py::TestNumberFormattingEdges::test_float_input
  C:\Users\Tahir\AppData\Roaming\Python\Python314\site-packages\_pytest\fixtures.py:1254: ResourceWarning: unclosed database in <sqlite3.Connection object at 0x0000021ED33F2D40>
    def __init__(self, request: FixtureRequest) -> None:
  Enable tracemalloc to get traceback where the object was allocated.
  See https://docs.pytest.org/en/stable/how-to/capture-warnings.html#resource-warnings for more info.

tests/unit/test_math_floor_d15.py::TestNumberFormattingEdges::test_float_input
  C:\Users\Tahir\AppData\Roaming\Python\Python314\site-packages\_pytest\fixtures.py:1254: ResourceWarning: unclosed database in <sqlite3.Connection object at 0x0000021ED33F2F20>
    def __init__(self, request: FixtureRequest) -> None:
  Enable tracemalloc to get traceback where the object was allocated.
  See https://docs.pytest.org/en/stable/how-to/capture-warnings.html#resource-warnings for more info.

tests/unit/test_math_floor_d15.py::TestNumberFormattingEdges::test_float_input
  C:\Users\Tahir\AppData\Roaming\Python\Python314\site-packages\_pytest\fixtures.py:1254: ResourceWarning: unclosed database in <sqlite3.Connection object at 0x0000021ED33F2E30>
    def __init__(self, request: FixtureRequest) -> None:
  Enable tracemalloc to get traceback where the object was allocated.
  See https://docs.pytest.org/en/stable/how-to/capture-warnings.html#resource-warnings for more info.

tests/unit/test_math_floor_d15.py::TestNumberFormattingEdges::test_float_input
  C:\Users\Tahir\AppData\Roaming\Python\Python314\site-packages\_pytest\fixtures.py:1254: ResourceWarning: unclosed database in <sqlite3.Connection object at 0x0000021ED33F3010>
    def __init__(self, request: FixtureRequest) -> None:
  Enable tracemalloc to get traceback where the object was allocated.
  See https://docs.pytest.org/en/stable/how-to/capture-warnings.html#resource-warnings for more info.

tests/unit/test_math_floor_d15.py::TestNumberFormattingEdges::test_float_input
  C:\Users\Tahir\AppData\Roaming\Python\Python314\site-packages\_pytest\fixtures.py:1254: ResourceWarning: unclosed database in <sqlite3.Connection object at 0x0000021ED33F3100>
    def __init__(self, request: FixtureRequest) -> None:
  Enable tracemalloc to get traceback where the object was allocated.
  See https://docs.pytest.org/en/stable/how-to/capture-warnings.html#resource-warnings for more info.

tests/unit/test_math_floor_d15.py::TestNumberFormattingEdges::test_float_input
  C:\Users\Tahir\AppData\Roaming\Python\Python314\site-packages\_pytest\fixtures.py:1254: ResourceWarning: unclosed database in <sqlite3.Connection object at 0x0000021ED33F31F0>
    def __init__(self, request: FixtureRequest) -> None:
  Enable tracemalloc to get traceback where the object was allocated.
  See https://docs.pytest.org/en/stable/how-to/capture-warnings.html#resource-warnings for more info.

tests/unit/test_math_floor_d15.py::TestNumberFormattingEdges::test_float_input
  C:\Users\Tahir\AppData\Roaming\Python\Python314\site-packages\_pytest\fixtures.py:1254: ResourceWarning: unclosed database in <sqlite3.Connection object at 0x0000021ED33F32E0>
    def __init__(self, request: FixtureRequest) -> None:
  Enable tracemalloc to get traceback where the object was allocated.
  See https://docs.pytest.org/en/stable/how-to/capture-warnings.html#resource-warnings for more info.

tests/unit/test_math_floor_d15.py::TestNumberFormattingEdges::test_float_input
  C:\Users\Tahir\AppData\Roaming\Python\Python314\site-packages\_pytest\fixtures.py:1254: ResourceWarning: unclosed database in <sqlite3.Connection object at 0x0000021ED33F33D0>
    def __init__(self, request: FixtureRequest) -> None:
  Enable tracemalloc to get traceback where the object was allocated.
  See https://docs.pytest.org/en/stable/how-to/capture-warnings.html#resource-warnings for more info.

tests/unit/test_math_floor_d15.py::TestNumberFormattingEdges::test_float_input
  C:\Users\Tahir\AppData\Roaming\Python\Python314\site-packages\_pytest\fixtures.py:1254: ResourceWarning: unclosed database in <sqlite3.Connection object at 0x0000021ED33F34C0>
    def __init__(self, request: FixtureRequest) -> None:
  Enable tracemalloc to get traceback where the object was allocated.
  See https://docs.pytest.org/en/stable/how-to/capture-warnings.html#resource-warnings for more info.

tests/unit/test_ppt_pack.py::test_deck_generation_slide_count_and_dimensions
  C:\Users\Tahir\AppData\Roaming\Python\Python314\site-packages\pptx\opc\package.py:520: ResourceWarning: unclosed database in <sqlite3.Connection object at 0x0000021ED33F2020>
    return iter(self._rels)
  Enable tracemalloc to get traceback where the object was allocated.
  See https://docs.pytest.org/en/stable/how-to/capture-warnings.html#resource-warnings for more info.

tests/unit/test_reports_repo.py::test_reports_repo_comprehensive
  C:\Users\Tahir\AppData\Roaming\Python\Python314\site-packages\openpyxl\cell\cell.py:164: ResourceWarning: unclosed database in <sqlite3.Connection object at 0x0000021ED33F1D50>
    if next(ILLEGAL_CHARACTERS_RE.finditer(value), None):
  Enable tracemalloc to get traceback where the object was allocated.
  See https://docs.pytest.org/en/stable/how-to/capture-warnings.html#resource-warnings for more info.

tests/unit/test_reports_repo.py::test_reports_repo_comprehensive
  C:\Users\Tahir\AppData\Roaming\Python\Python314\site-packages\openpyxl\cell\cell.py:164: ResourceWarning: unclosed database in <sqlite3.Connection object at 0x0000021ED33F2890>
    if next(ILLEGAL_CHARACTERS_RE.finditer(value), None):
  Enable tracemalloc to get traceback where the object was allocated.
  See https://docs.pytest.org/en/stable/how-to/capture-warnings.html#resource-warnings for more info.

-- Docs: https://docs.pytest.org/en/stable/how-to/capture-warnings.html
=============================== tests coverage ================================
_______________ coverage: platform win32, python 3.14.7-final-0 _______________

Name                                          Stmts   Miss Branch BrPart  Cover   Missing
-----------------------------------------------------------------------------------------
app\__init__.py                                   2      0      0      0   100%
app\api\__init__.py                               2      0      0      0   100%
app\api\main.py                                 661    140     60     17    76%   202, 210, 245, 296-298, 422, 450, 484, 490, 505, 550-555, 563-584, 722-725, 762-765, 986-987, 1069, 1120-1136, 1144-1151, 1159-1170, 1187, 1229-1240, 1248-1251, 1259-1264, 1314-1321, 1348-1349, 1432->1436, 1436->1440, 1545-1548, 1567->1569, 1569->1571, 1571->1573, 1574, 1583-1593, 1609-1617, 1652-1654, 1671-1673, 1681-1691, 1699-1703, 1714-1715, 1723-1724, 1738-1740, 1748-1758, 1766-1769, 1780-1787, 1863, 1878, 1890, 1898, 1906, 1929, 1941, 1987->1990
app\api\openapi.py                               10     10      0      0     0%   9-27
app\desktop\__init__.py                           2      0      0      0   100%
app\desktop\shell.py                            155     49     34      8    67%   50, 60->62, 68-70, 79-80, 88->98, 106-116, 122->125, 125->exit, 128-129, 135-136, 141-143, 149, 162-164, 168-170, 227-229, 233-261, 266-277
app\engine\__init__.py                            0      0      0      0   100%
app\engine\ai\__init__.py                         0      0      0      0   100%
app\engine\ai\client.py                         664     48    258     25    91%   189->191, 252, 253->257, 258, 262, 277->283, 361-362, 370->366, 380-381, 385->exit, 450, 452, 466-469, 579->578, 686, 765-772, 775->783, 778-781, 811-812, 816-826, 885-892, 899, 910, 1306->1313, 1310->1309, 1317->1316, 1322->1321, 1343->1352
app\engine\ai\guardrails.py                     495     16    170      8    96%   246->253, 250->253, 334->338, 428-429, 435-436, 449->447, 481->480, 497, 791->788, 1070-1081
app\engine\ai\pinning.py                         12      0      4      0   100%
app\engine\ai\prompts.py                         45      0      8      0   100%
app\engine\ai\provenance.py                      42      1      2      1    95%   116
app\engine\ai\usage.py                           65      3      4      1    94%   106-107, 131
app\engine\calc\__init__.py                       3      0      0      0   100%
app\engine\calc\math.py                         424      1    166      5    99%   365->363, 380->378, 656->658, 666->668, 742
app\engine\calc\quality_score.py                157     11     50      8    90%   175, 180-182, 222-223, 256, 282, 315, 374->301, 386, 388
app\engine\errors.py                              5      0      0      0   100%
app\engine\exceptions\__init__.py                 0      0      0      0   100%
app\engine\exceptions\owner_resolver.py          29      4     18      3    81%   55-56, 84, 88
app\engine\exports\__init__.py                    0      0      0      0   100%
app\engine\exports\excel_pack.py                796      7    168      8    98%   496, 701->704, 712->692, 1240-1241, 1377->1360, 1503-1504, 1589, 1675
app\engine\exports\formats.py                    30      0      0      0   100%
app\engine\exports\ppt_fit.py                    43     13     18      4    62%   50, 71, 76, 84-95
app\engine\exports\ppt_pack.py                  320      9     30      6    95%   456, 503, 610, 651->654, 701->707, 714, 892, 1033-1036
app\engine\exports\stamps.py                      5      0      0      0   100%
app\engine\forecast\__init__.py                   2      0      0      0   100%
app\engine\forecast\methods.py                  202     19     70     13    86%   34, 64, 85, 120, 132->159, 203-204, 290, 463, 490, 515-519, 528, 531-534, 573
app\engine\forecast\scenarios.py                296     95     68     13    60%   124-125, 128, 130, 151, 155, 163, 167, 171-172, 178-181, 184-185, 196-227, 232, 234, 237, 291, 329->336, 331-332, 336->341, 397-411, 431-435, 438-441, 445-451, 454, 457-461, 473-493, 500-510, 514-524, 591, 619, 647->651
app\engine\imports\__init__.py                    8      0      0      0   100%
app\engine\imports\control_totals.py            113     17     44     14    80%   68->67, 82, 85-86, 137, 151, 176, 183, 194, 196, 204, 213, 229->243, 240-242, 246, 261, 269
app\engine\imports\hardening.py                 376     30    186     26    90%   124-136, 158-159, 162-163, 172-174, 186-187, 238, 254, 285-286, 348->347, 390->382, 420->425, 428, 433->443, 458, 468-469, 527-528, 556, 559, 614, 677->676, 710->709, 713, 714->709, 717, 753->752, 769->768, 770->769, 772->769
app\engine\imports\mapping_suggestions.py       129     10     36      6    90%   141-142, 174, 176, 178, 203, 230, 324, 339-341
app\engine\imports\models.py                     53      1     10      1    97%   56
app\engine\imports\parser.py                    497     63    192     38    84%   58, 83, 128->139, 133->128, 143->146, 167, 196, 223->229, 231-233, 265, 273-276, 280->283, 284-297, 304, 311, 340, 343, 354, 376, 386, 390-400, 406, 588, 646, 702-703, 717-724, 742-749, 783, 785, 791, 796-797, 977, 979, 981, 1012, 1031, 1087-1088, 1090, 1099-1108, 1113->1124
app\engine\imports\profile_binding.py            94      6     28      6    90%   189, 192, 251, 269, 277, 334
app\engine\imports\profiles.py                   63      1      8      1    97%   251
app\engine\imports\vendor_budget_loader.py      294     38     66     10    86%   111, 143-149, 229-234, 238-239, 317-321, 340->338, 352-355, 500-501, 510-512, 517->521, 520, 523, 525, 560-568, 572-573, 610-611, 709
app\engine\pptx_fill\__init__.py                  4      0      0      0   100%
app\engine\pptx_fill\core.py                    107      4     48      6    94%   66, 119, 121, 165, 217->219, 219->exit
app\engine\pptx_fill\layout.py                   85      2     34      7    92%   124->121, 146->150, 160, 164->171, 167, 175->exit, 176->175
app\engine\pptx_fill\patterns.py                 91      1     38      1    98%   130
app\engine\pptx_fill\ppt_spec.py                 21      0      0      0   100%
app\engine\rules\__init__.py                      5      0      0      0   100%
app\engine\rules\acceptance.py                  450     56    124     26    84%   191, 383, 391, 410, 415, 437, 452, 462, 469, 509-515, 570-571, 610->621, 660, 671, 966-967, 987->991, 1003, 1019->1026, 1032->1039, 1040-1044, 1048->1051, 1057, 1069-1070, 1086-1089, 1097-1100, 1109-1112, 1134-1138, 1143-1151, 1182-1187
app\engine\rules\batch.py                        97      9     24      4    89%   123-124, 130-131, 137, 140, 144, 217-218, 219->213
app\engine\rules\rules_01_08.py                 396     18    148     21    93%   64->68, 139, 143-144, 150, 176, 211->216, 213->216, 223, 257, 269->276, 278, 344, 350, 357, 365, 427, 428->417, 438, 489, 508, 516, 653
app\engine\rules\rules_09_16.py                 249     18    104     24    88%   62, 68->54, 70->54, 141, 172, 176->169, 281->273, 284->273, 328->319, 459, 462-463, 478, 487, 490, 493, 496, 502, 506, 509, 513, 532, 537->541, 560, 572, 576->569
app\engine\rules\rules_17_24.py                 202     13     84     12    91%   41, 48, 51-52, 107, 110, 152, 162, 165, 244, 247, 259, 263, 469->466
app\engine\rules\rules_catalog_001_008.py       345     30    150     25    88%   36, 64->66, 76, 79-80, 85-88, 90, 98, 110, 113->108, 119->118, 145, 156, 231, 254, 280, 283, 318, 395, 512, 516, 522, 536, 554, 557-562, 606-607, 673
app\engine\security\sanitizer.py                 44     12     16      4    63%   14, 18, 28-34, 45, 49, 59
app\engine\store\__init__.py                      4      0      0      0   100%
app\engine\store\analytics_repo.py              191     50     32      2    75%   346-355, 403-524, 584-712, 944-945
app\engine\store\db.py                           85     20     22      6    74%   38, 54->58, 62, 84-87, 94-101, 104->107, 180-184, 194, 198
app\engine\store\exceptions_repo.py             383    113    104     29    66%   141->147, 144-145, 212->203, 241, 272-273, 275, 277, 280, 318-319, 338-339, 365->371, 368-369, 419-468, 506-507, 510-511, 514-518, 521-522, 525-527, 552-553, 558-561, 565, 644, 650-651, 655-658, 696->702, 699-700, 703->710, 706-707, 775, 780->795, 795->810, 810->828, 854, 857->873, 873->888, 888->894, 911-914, 921-936, 954-1022
app\engine\store\forecast_repo.py               235     24     68      8    86%   156-157, 169, 238-240, 246-254, 258-262, 281-283, 331->356, 389->395, 392-393, 462->472
app\engine\store\import_repo.py                 221     53     46      3    76%   57-58, 204, 257-263, 344-350, 441-459, 463-509, 626-628
app\engine\store\mapping_repo.py                192      7     48     10    93%   30->exit, 59, 173->189, 220, 354->366, 392, 431, 458-467, 504, 540->538, 644->651
app\engine\store\mapping_suggestion_repo.py     145      6     32      4    94%   113, 118, 272, 301, 405-406
app\engine\store\period_repo.py                  79      1     12      1    98%   214
app\engine\store\reports_repo.py                178      8     20      4    94%   353, 383, 488-490, 502-507
-----------------------------------------------------------------------------------------
TOTAL                                          9903   1037   2852    419    87%
Coverage XML written to file coverage.xml
Required test coverage of 75.0% reached. Total coverage: 87.22%
841 passed, 16 deselected, 286 warnings in 367.53s (0:06:07)
......