unformatted: File would be reformatted
   --> app\engine\imports\mapping_suggestions.py:189:31
    |
188 |         """Stable dedup key: run + source column (FR-IMP-008 deduplication)."""
    -         return hashlib.sha256(
    -             f"{self.import_run_id}|{self.source_column}".encode()
    -         ).hexdigest()
189 +         return hashlib.sha256(f"{self.import_run_id}|{self.source_column}".encode()).hexdigest()
190 |
    |

unformatted: File would be reformatted
    --> scripts\build.py:1262:43
     |
1261 |         "",
     -         f"Generated by `scripts/build` at "
     -         f"{datetime.now(UTC).isoformat(timespec='seconds')}.",
1262 +         f"Generated by `scripts/build` at {datetime.now(UTC).isoformat(timespec='seconds')}.",
1263 |         "",
     |

unformatted: File would be reformatted
   --> scripts\team.py:215:90
    |
214 |     try:
    -         hb = datetime.strptime(c.get("heartbeat_utc", ""), "%Y-%m-%dT%H:%M:%SZ").replace(
    -             tzinfo=UTC
    -         )
215 +         hb = datetime.strptime(c.get("heartbeat_utc", ""), "%Y-%m-%dT%H:%M:%SZ").replace(tzinfo=UTC)
216 |     except (TypeError, ValueError):
--------------------------------------------------------------------------------
959 |                         now()
    -                         - datetime.strptime(hb["utc"], "%Y-%m-%dT%H:%M:%SZ").replace(
    -                             tzinfo=UTC
    -                         )
960 +                         - datetime.strptime(hb["utc"], "%Y-%m-%dT%H:%M:%SZ").replace(tzinfo=UTC)
961 |                     ).total_seconds()
    |

unformatted: File would be reformatted
  --> tests\unit\test_ai_client.py:6:1
  |
5 |
  -
6 | from app.engine.ai.client import (
  |

unformatted: File would be reformatted
  --> tests\unit\test_ai_defenses.py:6:1
  |
5 |
  -
6 | import pytest
  |

unformatted: File would be reformatted
 --> tests\unit\test_sanitizer.py:1:1
  |
  -
1 | import pytest
  |

6 files would be reformatted, 243 files already formatted
C901 `create_app` is too complex (143 > 10)
   --> app\api\main.py:264:5
    |
264 | def create_app() -> FastAPI:
    |     ^^^^^^^^^^
265 |     """FastAPI application factory."""
266 |     app = FastAPI(
    |

PLR0913 Too many arguments in function definition (7 > 5)
   --> app\api\main.py:761:9
    |
759 |         dependencies=[Depends(verify_session_token)],
760 |     )
761 |     def api_get_bva(
    |         ^^^^^^^^^^^
762 |         period_id: int | None = None,
763 |         company_id: int | None = None,
    |

PLR0913 Too many arguments in function definition (9 > 5)
   --> app\api\main.py:954:9
    |
952 |         dependencies=[Depends(verify_session_token)],
953 |     )
954 |     def api_get_analysis_drill(
    |         ^^^^^^^^^^^^^^^^^^^^^^
955 |         period_id: int | None = None,
956 |         account_id: int | None = None,
    |

B904 Within an `except` clause, raise exceptions with `raise ... from err` or `raise ... from None` to distinguish them from errors in exception handling
    --> app\api\main.py:1186:13
     |
1184 |             )
1185 |         except KeyError:
1186 |             raise HTTPException(status_code=404, detail="suggestion not found")
     |             ^^^^^^^^^^^^^^^^^^^^^^^^^^^^^^^^^^^^^^^^^^^^^^^^^^^^^^^^^^^^^^^^^^^
1187 |         except MalformedAiSuggestion as exc:
1188 |             # FR-AI-006: a target field that does not exist is a client-side
     |

B904 Within an `except` clause, raise exceptions with `raise ... from err` or `raise ... from None` to distinguish them from errors in exception handling
    --> app\api\main.py:1190:13
     |
1188 |             # FR-AI-006: a target field that does not exist is a client-side
1189 |             # validation error, not a server fault.
1190 |             raise HTTPException(status_code=422, detail=str(exc))
     |             ^^^^^^^^^^^^^^^^^^^^^^^^^^^^^^^^^^^^^^^^^^^^^^^^^^^^^
1191 |         except InvalidSuggestionTransition as exc:
1192 |             # NOTE: must precede the generic ValueError handler below, since
     |

B904 Within an `except` clause, raise exceptions with `raise ... from err` or `raise ... from None` to distinguish them from errors in exception handling
    --> app\api\main.py:1195:13
     |
1193 |             # InvalidSuggestionTransition subclasses ValueError. A decided
1194 |             # suggestion is a state conflict (409), not a malformed request.
1195 |             raise HTTPException(status_code=409, detail=str(exc))
     |             ^^^^^^^^^^^^^^^^^^^^^^^^^^^^^^^^^^^^^^^^^^^^^^^^^^^^^
1196 |         except ValueError as exc:
1197 |             raise HTTPException(status_code=422, detail=str(exc))
     |

B904 Within an `except` clause, raise exceptions with `raise ... from err` or `raise ... from None` to distinguish them from errors in exception handling
    --> app\api\main.py:1197:13
     |
1195 |             raise HTTPException(status_code=409, detail=str(exc))
1196 |         except ValueError as exc:
1197 |             raise HTTPException(status_code=422, detail=str(exc))
     |             ^^^^^^^^^^^^^^^^^^^^^^^^^^^^^^^^^^^^^^^^^^^^^^^^^^^^^
1198 |         return {
1199 |             "status": "ok",
     |

PLR0913 Too many arguments in function definition (9 > 5)
    --> app\api\main.py:1242:9
     |
1240 |         dependencies=[Depends(verify_session_token)],
1241 |     )
1242 |     def api_list_exceptions(
     |         ^^^^^^^^^^^^^^^^^^^
1243 |         period: str | None = None,
1244 |         severity: str | None = None,
     |

B904 Within an `except` clause, raise exceptions with `raise ... from err` or `raise ... from None` to distinguish them from errors in exception handling
    --> app\api\main.py:1345:13
     |
1343 |             )
1344 |         except Exception as exc:
1345 |             raise HTTPException(status_code=400, detail=str(exc))
     |             ^^^^^^^^^^^^^^^^^^^^^^^^^^^^^^^^^^^^^^^^^^^^^^^^^^^^^
1346 |         return {"status": "ok", "data": {"period": period.__dict__}}
     |

B904 Within an `except` clause, raise exceptions with `raise ... from err` or `raise ... from None` to distinguish them from errors in exception handling
    --> app\api\main.py:1358:13
     |
1356 |             period = repo.close_period(period_id)
1357 |         except ValueError as exc:
1358 |             raise HTTPException(status_code=404, detail=str(exc))
     |             ^^^^^^^^^^^^^^^^^^^^^^^^^^^^^^^^^^^^^^^^^^^^^^^^^^^^^
1359 |         except Exception as exc:
1360 |             raise HTTPException(status_code=400, detail=str(exc))
     |

B904 Within an `except` clause, raise exceptions with `raise ... from err` or `raise ... from None` to distinguish them from errors in exception handling
    --> app\api\main.py:1360:13
     |
1358 |             raise HTTPException(status_code=404, detail=str(exc))
1359 |         except Exception as exc:
1360 |             raise HTTPException(status_code=400, detail=str(exc))
     |             ^^^^^^^^^^^^^^^^^^^^^^^^^^^^^^^^^^^^^^^^^^^^^^^^^^^^^
1361 |         return {"status": "ok", "data": {"period": period.__dict__}}
     |

B904 Within an `except` clause, raise exceptions with `raise ... from err` or `raise ... from None` to distinguish them from errors in exception handling
    --> app\api\main.py:1377:13
     |
1375 |             )
1376 |         except ValueError as exc:
1377 |             raise HTTPException(status_code=422, detail=str(exc))
     |             ^^^^^^^^^^^^^^^^^^^^^^^^^^^^^^^^^^^^^^^^^^^^^^^^^^^^^
1378 |         except Exception as exc:
1379 |             raise HTTPException(status_code=400, detail=str(exc))
     |

B904 Within an `except` clause, raise exceptions with `raise ... from err` or `raise ... from None` to distinguish them from errors in exception handling
    --> app\api\main.py:1379:13
     |
1377 |             raise HTTPException(status_code=422, detail=str(exc))
1378 |         except Exception as exc:
1379 |             raise HTTPException(status_code=400, detail=str(exc))
     |             ^^^^^^^^^^^^^^^^^^^^^^^^^^^^^^^^^^^^^^^^^^^^^^^^^^^^^
1380 |         return {"status": "ok", "data": {"period": period.__dict__}}
     |

PLR0913 Too many arguments in function definition (7 > 5)
    --> app\api\main.py:1439:9
     |
1437 |         dependencies=[Depends(verify_session_token)],
1438 |     )
1439 |     def api_list_exceptions(
     |         ^^^^^^^^^^^^^^^^^^^
1440 |         period_code: str | None = None,
1441 |         rule_id: str | None = None,
     |

F811 Redefinition of unused `api_list_exceptions` from line 1242
    --> app\api\main.py:1439:9
     |
1437 |         dependencies=[Depends(verify_session_token)],
1438 |     )
1439 |     def api_list_exceptions(
     |         ^^^^^^^^^^^^^^^^^^^ `api_list_exceptions` redefined here
1440 |         period_code: str | None = None,
1441 |         rule_id: str | None = None,
     |
    ::: app\api\main.py:1242:9
     |
1240 |         dependencies=[Depends(verify_session_token)],
1241 |     )
1242 |     def api_list_exceptions(
     |         ------------------- previous definition of `api_list_exceptions` here
1243 |         period: str | None = None,
1244 |         severity: str | None = None,
     |
help: Remove definition: `api_list_exceptions`

E741 Ambiguous variable name: `l`
    --> app\api\main.py:1523:42
     |
1521 |                 "lastGeneratedAt": dto.last_generated_at,
1522 |                 "generatedBy": dto.generated_by,
1523 |                 "lines": [l.__dict__ for l in dto.lines],
     |                                          ^
1524 |                 "totals": dto.totals,
1525 |             },
     |

E741 Ambiguous variable name: `l`
    --> app\api\main.py:1553:42
     |
1551 |                 "lastGeneratedAt": dto.last_generated_at,
1552 |                 "generatedBy": dto.generated_by,
1553 |                 "lines": [l.__dict__ for l in dto.lines],
     |                                          ^
1554 |                 "totals": dto.totals,
1555 |             },
     |

B904 Within an `except` clause, raise exceptions with `raise ... from err` or `raise ... from None` to distinguish them from errors in exception handling
    --> app\api\main.py:1569:13
     |
1567 |             amt = Decimal(payload.amount)
1568 |         except Exception:
1569 |             raise HTTPException(status_code=400, detail="Invalid amount value")
     |             ^^^^^^^^^^^^^^^^^^^^^^^^^^^^^^^^^^^^^^^^^^^^^^^^^^^^^^^^^^^^^^^^^^^
1570 |
1571 |         try:
     |

B904 Within an `except` clause, raise exceptions with `raise ... from err` or `raise ... from None` to distinguish them from errors in exception handling
    --> app\api\main.py:1581:13
     |
1579 |             return {"status": "ok", "data": res}
1580 |         except ValueError as ve:
1581 |             raise HTTPException(status_code=400, detail=str(ve))
     |             ^^^^^^^^^^^^^^^^^^^^^^^^^^^^^^^^^^^^^^^^^^^^^^^^^^^^
1582 |
1583 |     @app.post(
     |

B904 Within an `except` clause, raise exceptions with `raise ... from err` or `raise ... from None` to distinguish them from errors in exception handling
    --> app\api\main.py:1691:13
     |
1689 |             return {"status": "ok", "data": issuance.__dict__}
1690 |         except ValueError as ve:
1691 |             raise HTTPException(status_code=400, detail=str(ve))
     |             ^^^^^^^^^^^^^^^^^^^^^^^^^^^^^^^^^^^^^^^^^^^^^^^^^^^^
1692 |
1693 |     @app.get(
     |

B904 Within an `except` clause, raise exceptions with `raise ... from err` or `raise ... from None` to distinguish them from errors in exception handling
    --> app\api\main.py:1716:13
     |
1714 |             return {"status": "ok", "data": new_issue.__dict__}
1715 |         except ValueError as ve:
1716 |             raise HTTPException(status_code=400, detail=str(ve))
     |             ^^^^^^^^^^^^^^^^^^^^^^^^^^^^^^^^^^^^^^^^^^^^^^^^^^^^
1717 |
1718 |     @app.get(
     |

B904 Within an `except` clause, raise exceptions with `raise ... from err` or `raise ... from None` to distinguish them from errors in exception handling
    --> app\api\main.py:1991:13
     |
1989 |             )
1990 |         except ValueError as e:
1991 |             raise HTTPException(status_code=400, detail=str(e))
     |             ^^^^^^^^^^^^^^^^^^^^^^^^^^^^^^^^^^^^^^^^^^^^^^^^^^^
1992 |         return {
1993 |             "status": "ok",
     |

C901 `main` is too complex (13 > 10)
   --> app\cli\main.py:262:5
    |
262 | def main() -> None:
    |     ^^^^
263 |     parser = argparse.ArgumentParser(
264 |         prog="fpa-copilot",
    |

T201 `print` found
   --> app\desktop\shell.py:316:5
    |
314 |         except Exception:
315 |             pass
316 |     print(f"[{__app_name__}] {msg}", file=sys.stderr)
    |     ^^^^^
help: Remove `print`

C901 `redact_payload_value` is too complex (14 > 10)
   --> app\engine\ai\client.py:236:9
    |
234 |         return result
235 |
236 |     def redact_payload_value(
    |         ^^^^^^^^^^^^^^^^^^^^
237 |         self,
238 |         val: Any,
    |

C901 `extract_numbers_from_obj` is too complex (13 > 10)
   --> app\engine\ai\client.py:331:9
    |
330 |     @staticmethod
331 |     def extract_numbers_from_obj(obj: Any) -> set[str]:
    |         ^^^^^^^^^^^^^^^^^^^^^^^^
332 |         """Collects all numeric representations from arbitrary object/JSON."""
333 |         numbers: set[str] = set()
    |

C901 `extract` is too complex (12 > 10)
   --> app\engine\ai\client.py:335:13
    |
333 |         numbers: set[str] = set()
334 |
335 |         def extract(val: Any):
    |             ^^^^^^^
336 |             if isinstance(val, (int, float, Decimal)):
337 |                 val_str = str(val)
    |

C901 `validate_and_sanitize_numbers` is too complex (13 > 10)
   --> app\engine\ai\client.py:407:9
    |
406 |     @classmethod
407 |     def validate_and_sanitize_numbers(
    |         ^^^^^^^^^^^^^^^^^^^^^^^^^^^^^
408 |         cls,
409 |         text: str,
    |

C901 `generate` is too complex (21 > 10)
   --> app\engine\ai\client.py:980:9
    |
978 |         return url, headers, body
979 |
980 |     def generate(
    |         ^^^^^^^^
981 |         self,
982 |         prompt_id: str,
    |

C901 `_sanitize_evidence_ids` is too complex (14 > 10)
    --> app\engine\ai\client.py:1214:9
     |
1213 |     @staticmethod
1214 |     def _sanitize_evidence_ids(output_data: dict[str, Any], valid_ids: set[str]) -> bool:
     |         ^^^^^^^^^^^^^^^^^^^^^^
1215 |         """Strips unknown evidence IDs and returns True if any was stripped."""
1216 |         flag = False
     |

C901 `validate_json_schema` is too complex (11 > 10)
   --> app\engine\ai\guardrails.py:237:5
    |
237 | def validate_json_schema(
    |     ^^^^^^^^^^^^^^^^^^^^
238 |     raw_response: str | dict[str, Any], schema_or_prompt_id: str | dict[str, Any]
239 | ) -> dict[str, Any]:
    |

C901 `validate_evidence_ids` is too complex (12 > 10)
   --> app\engine\ai\guardrails.py:315:5
    |
315 | def validate_evidence_ids(
    |     ^^^^^^^^^^^^^^^^^^^^^
316 |     data: dict[str, Any], allowed_evidence_ids: set[str] | list[str]
317 | ) -> tuple[dict[str, Any], bool, list[str]]:
    |

C901 `extract_payload_numbers` is too complex (16 > 10)
   --> app\engine\ai\guardrails.py:420:5
    |
420 | def extract_payload_numbers(payload: Any) -> set[Decimal]:
    |     ^^^^^^^^^^^^^^^^^^^^^^^
421 |     """Recursively extract all numeric values from payload data structures.
    |

C901 `traverse` is too complex (12 > 10)
   --> app\engine\ai\guardrails.py:446:9
    |
444 |                 pass
445 |
446 |     def traverse(obj: Any) -> None:
    |         ^^^^^^^^
447 |         if isinstance(obj, (int, float)):
448 |             try:
    |

PLR0913 Too many arguments in function definition (12 > 5)
   --> app\engine\ai\guardrails.py:899:9
    |
897 |         return CapCheckResult(allowed=True, outcome="ok")
898 |
899 |     def record_usage(
    |         ^^^^^^^^^^^^
900 |         self,
901 |         feature_code: str,
    |
help: Consider adding `@typing.override` if changing the function signature would violate the Liskov Substitution Principle

C901 `process_ai_output` is too complex (12 > 10)
    --> app\engine\ai\guardrails.py:1033:9
     |
1031 |         self.model_manager = model_manager or ModelPinningManager()
1032 |
1033 |     def process_ai_output(
     |         ^^^^^^^^^^^^^^^^^
1034 |         self,
1035 |         raw_response: str | dict[str, Any],
     |

PLR0913 Too many arguments in function definition (12 > 5)
    --> app\engine\ai\guardrails.py:1033:9
     |
1031 |         self.model_manager = model_manager or ModelPinningManager()
1032 |
1033 |     def process_ai_output(
     |         ^^^^^^^^^^^^^^^^^
1034 |         self,
1035 |         raw_response: str | dict[str, Any],
     |
help: Consider adding `@typing.override` if changing the function signature would violate the Liskov Substitution Principle

PLR0913 Too many arguments in function definition (7 > 5)
  --> app\engine\ai\provenance.py:41:9
   |
39 |             conn.commit()
40 |
41 |     def save_draft(
   |         ^^^^^^^^^^
42 |         self,
43 |         subject_key: str,
   |
help: Consider adding `@typing.override` if changing the function signature would violate the Liskov Substitution Principle

PLR0913 Too many arguments in function definition (8 > 5)
  --> app\engine\ai\usage.py:52:9
   |
50 |             conn.commit()
51 |
52 |     def log_call(
   |         ^^^^^^^^
53 |         self,
54 |         prompt_id: str,
   |
help: Consider adding `@typing.override` if changing the function signature would violate the Liskov Substitution Principle

UP042 Class RatioState inherits from both `str` and `enum.Enum`
  --> app\engine\calc\math.py:29:7
   |
29 | class RatioState(str, Enum):
   |       ^^^^^^^^^^
30 |     """Ratio computation outcome states per §4.2 and §5.1."""
   |
help: Inherit from `enum.StrEnum`

UP042 Class Direction inherits from both `str` and `enum.Enum`
  --> app\engine\calc\math.py:37:7
   |
37 | class Direction(str, Enum):
   |       ^^^^^^^^^
38 |     """Direction-aware favourability line direction per CALC-012."""
   |
help: Inherit from `enum.StrEnum`

UP042 Class Favourability inherits from both `str` and `enum.Enum`
  --> app\engine\calc\math.py:45:7
   |
45 | class Favourability(str, Enum):
   |       ^^^^^^^^^^^^^
46 |     """Favourability outcome per CALC-012."""
   |
help: Inherit from `enum.StrEnum`

UP042 Class NegativeFormat inherits from both `str` and `enum.Enum`
  --> app\engine\calc\math.py:63:7
   |
63 | class NegativeFormat(str, Enum):
   |       ^^^^^^^^^^^^^^
64 |     """Negative number presentation format per CALC-033."""
   |
help: Inherit from `enum.StrEnum`

UP042 Class GroupingFormat inherits from both `str` and `enum.Enum`
  --> app\engine\calc\math.py:71:7
   |
71 | class GroupingFormat(str, Enum):
   |       ^^^^^^^^^^^^^^
72 |     """Digit grouping format per CALC-033."""
   |
help: Inherit from `enum.StrEnum`

UP042 Class KPI inherits from both `str` and `enum.Enum`
  --> app\engine\calc\math.py:78:7
   |
78 | class KPI(str, Enum):
   |       ^^^
79 |     """KPI register per §5.2 and extended KPI library (KPI-001 .. KPI-012)."""
   |
help: Inherit from `enum.StrEnum`

PLR0913 Too many arguments in function definition (6 > 5)
   --> app\engine\calc\math.py:410:5
    |
410 | def aggregate_ttm(
    |     ^^^^^^^^^^^^^
411 |     facts: Iterable[PeriodFact],
412 |     fiscal_year: int,
    |

C901 `calculate_kpi` is too complex (14 > 10)
   --> app\engine\calc\math.py:638:5
    |
638 | def calculate_kpi(kpi_id: KPI | str, **kwargs: Any) -> RatioResult | Decimal:
    |     ^^^^^^^^^^^^^
639 |     """Unified entry point for the KPI registry (KPI-001 .. KPI-012)."""
640 |     kpi_enum = KPI(kpi_id) if isinstance(kpi_id, str) else kpi_id
    |

PLR0913 Too many arguments in function definition (6 > 5)
   --> app\engine\calc\math.py:741:5
    |
741 | def format_currency(
    |     ^^^^^^^^^^^^^^^
742 |     amount: Decimal | str | int | float,
743 |     currency_symbol: str = "₹",
    |

F841 Local variable `score_dec` is assigned to but never used
   --> app\engine\calc\observable.py:239:5
    |
237 |     checks = fixture_checks if fixture_checks is not None else create_f12_fixture_checks()
238 |     res = calculate_quality_score(checks)
239 |     score_dec = Decimal(str(res.score))
    |     ^^^^^^^^^
240 |     return ObservableNumber(
241 |         id=8,
    |
help: Remove assignment to unused variable `score_dec`

C901 `calculate_quality_score` is too complex (14 > 10)
   --> app\engine\calc\quality_score.py:462:5
    |
462 | def calculate_quality_score(
    |     ^^^^^^^^^^^^^^^^^^^^^^^
463 |     checks: Iterable[Any] | Any,
464 |     weights_by_code: dict[str, Any] | None = None,
    |

UP047 Generic function `group_by_key` should use type parameters
  --> app\engine\dedupe\blocking.py:35:5
   |
35 | def group_by_key(rows: Iterable[R], key_of: Callable[[R], K]) -> dict[K, list[R]]:
   |     ^^^^^^^^^^^^^^^^^^^^^^^^^^^^^^^^^^^^^^^^^^^^^^^^^^^^^^^^^
36 |     """Block ``rows`` by ``key_of``, keeping input order inside each group.
   |
help: Use type parameters

UP047 Generic function `iter_candidate_groups` should use type parameters
  --> app\engine\dedupe\blocking.py:52:5
   |
52 |   def iter_candidate_groups(
   |  _____^
53 | |     rows: Iterable[R],
54 | |     key_of: Callable[[R], K],
55 | |     is_candidate: CandidatePredicate[R],
56 | |     order_by: Callable[[Group[R]], Any] | None = None,
57 | | ) -> Iterator[Group[R]]:
   | |_^
58 |       """Yield ``(key, rows)`` for the groups that pass ``is_candidate``.
   |
help: Use type parameters

UP047 Generic function `count_distinct` should use type parameters
  --> app\engine\dedupe\blocking.py:87:5
   |
87 | def count_distinct(rows: Iterable[R], value_of: Callable[[R], Any]) -> int:
   |     ^^^^^^^^^^^^^^^^^^^^^^^^^^^^^^^^^^^^^^^^^^^^^^^^^^^^^^^^^^^^^^^
88 |     """How many distinct values ``value_of`` yields over ``rows``.
   |
help: Use type parameters

C901 `build_sheet_executive_summary` is too complex (13 > 10)
    --> app\engine\exports\excel_pack.py:1585:5
     |
1585 | def build_sheet_executive_summary(ws: Any, data: MonthEndPackData) -> None:
     |     ^^^^^^^^^^^^^^^^^^^^^^^^^^^^^
1586 |     """Build Sheet 2: Executive Summary & BvA per §4.2."""
1587 |     ws.title = "Executive Summary & BvA"
     |

C901 `build_sheet_transaction_detail` is too complex (11 > 10)
    --> app\engine\exports\excel_pack.py:1817:5
     |
1817 | def build_sheet_transaction_detail(ws: Any, data: MonthEndPackData) -> None:
     |     ^^^^^^^^^^^^^^^^^^^^^^^^^^^^^^
1818 |     """Build Sheet 4: Transaction Detail Drilldown per §4.4."""
1819 |     ws.title = "Transaction Detail Drilldown"
     |

C901 `build_sheet_exception_register` is too complex (12 > 10)
    --> app\engine\exports\excel_pack.py:1970:5
     |
1970 | def build_sheet_exception_register(ws: Any, data: MonthEndPackData) -> None:
     |     ^^^^^^^^^^^^^^^^^^^^^^^^^^^^^^
1971 |     """Build Sheet 5: Exception Register per §4.5."""
1972 |     ws.title = "Exception Register"
     |

C901 `build_sheet_forecast_summary` is too complex (11 > 10)
    --> app\engine\exports\excel_pack.py:2150:5
     |
2150 | def build_sheet_forecast_summary(ws: Any, data: MonthEndPackData) -> None:
     |     ^^^^^^^^^^^^^^^^^^^^^^^^^^^^
2151 |     """Build Sheet 6: Forecast Summary per §4.6."""
2152 |     ws.title = "Forecast Summary"
     |

C901 `build_sheet_import_reconciliation` is too complex (22 > 10)
    --> app\engine\exports\excel_pack.py:2272:5
     |
2272 | def build_sheet_import_reconciliation(ws: Any, data: MonthEndPackData) -> None:
     |     ^^^^^^^^^^^^^^^^^^^^^^^^^^^^^^^^^
2273 |     """Build Sheet 7: Import Reconciliation per §4.7."""
2274 |     ws.title = "Import Reconciliation"
     |

PLR0913 Too many arguments in function definition (6 > 5)
   --> app\engine\exports\ppt_pack.py:513:5
    |
513 | def _write_prose(
    |     ^^^^^^^^^^^^
514 |     shape: Any,
515 |     text: str,
    |

UP042 Class ForecastMethod inherits from both `str` and `enum.Enum`
  --> app\engine\forecast\methods.py:39:7
   |
39 | class ForecastMethod(str, Enum):
   |       ^^^^^^^^^^^^^^
40 |     """Forecast method codes per 03_DATA_DICTIONARY DimMethod and 07_FORECAST_METHODS_SPEC."""
   |
help: Inherit from `enum.StrEnum`

UP042 Class Scenario inherits from both `str` and `enum.Enum`
  --> app\engine\forecast\methods.py:49:7
   |
49 | class Scenario(str, Enum):
   |       ^^^^^^^^
50 |     """Forecast scenarios per 07_FORECAST_METHODS_SPEC §6."""
   |
help: Inherit from `enum.StrEnum`

PLR0913 Too many arguments in function definition (8 > 5)
   --> app\engine\forecast\methods.py:554:5
    |
554 | def resolve_method(
    |     ^^^^^^^^^^^^^^
555 |     line_pinned_method: ForecastMethod | None = None,
556 |     account_group_method: ForecastMethod | None = None,
    |

UP042 Class ScenarioType inherits from both `str` and `enum.Enum`
  --> app\engine\forecast\scenarios.py:36:7
   |
36 | class ScenarioType(str, Enum):
   |       ^^^^^^^^^^^^
37 |     """Scenario identifiers per 07_FORECAST_METHODS_SPEC §6."""
   |
help: Inherit from `enum.StrEnum`

UP042 Class ForecastVersionStatus inherits from both `str` and `enum.Enum`
  --> app\engine\forecast\scenarios.py:45:7
   |
45 | class ForecastVersionStatus(str, Enum):
   |       ^^^^^^^^^^^^^^^^^^^^^
46 |     """Lifecycle states of FactForecastVersion per 07 §7."""
   |
help: Inherit from `enum.StrEnum`

UP042 Class AccuracyStatus inherits from both `str` and `enum.Enum`
  --> app\engine\forecast\scenarios.py:53:7
   |
53 | class AccuracyStatus(str, Enum):
   |       ^^^^^^^^^^^^^^
54 |     """Accuracy report state per line or period per 07 §8.1."""
   |
help: Inherit from `enum.StrEnum`

PLR0913 Too many arguments in function definition (8 > 5)
   --> app\engine\forecast\scenarios.py:324:9
    |
322 |         self.config = config or ScenarioAdjustmentConfig()
323 |
324 |     def generate_scenario(
    |         ^^^^^^^^^^^^^^^^^
325 |         self,
326 |         base_lines: Sequence[FactForecastRow],
    |
help: Consider adding `@typing.override` if changing the function signature would violate the Liskov Substitution Principle

C901 `read_control_totals_report` is too complex (25 > 10)
   --> app\engine\imports\control_totals.py:100:5
    |
100 | def read_control_totals_report(
    |     ^^^^^^^^^^^^^^^^^^^^^^^^^^
101 |     filepath: str | Path,
102 |     transactions: list[ParsedTransaction],
    |

C901 `detect_csv_encoding_and_delimiter` is too complex (14 > 10)
  --> app\engine\imports\hardening.py:60:5
   |
60 | def detect_csv_encoding_and_delimiter(
   |     ^^^^^^^^^^^^^^^^^^^^^^^^^^^^^^^^^
61 |     file_path_or_bytes: str | Path | bytes,
62 |     sample_size: int = 65536,
   |

B904 Within an `except` clause, raise exceptions with `raise ... from err` or `raise ... from None` to distinguish them from errors in exception handling
   --> app\engine\imports\hardening.py:117:17
    |
115 |               )
116 |               if is_utf16_or_32:
117 | /                 raise ValueError(
118 | |                     f"Unsupported encoding (byte pattern: {raw_bytes[:16].hex()}). "
119 | |                     f"Please re-export as UTF-8 or Windows-1252. [import.encodingUnsupported]"
120 | |                 )
    | |_________________^
121 |
122 |               # Try Windows-1252 (C3)
    |

PLR0913 Too many arguments in function definition (6 > 5)
   --> app\engine\imports\hardening.py:372:5
    |
372 | def verify_cached_formulas(
    |     ^^^^^^^^^^^^^^^^^^^^^^
373 |     data_worksheet: Any,
374 |     formula_worksheet: Any,
    |

C901 `load_hardened_excel_sheet` is too complex (47 > 10)
   --> app\engine\imports\hardening.py:509:5
    |
509 | def load_hardened_excel_sheet(
    |     ^^^^^^^^^^^^^^^^^^^^^^^^^
510 |     file_path: str | Path,
511 |     sheet_name: str | None = None,
    |

F841 Local variable `header_grid` is assigned to but never used
   --> app\engine\imports\hardening.py:617:5
    |
615 |     # 4. X5: Trim trailing blank rows and columns
616 |     # We only trim below max_header_row to avoid cutting headers
617 |     header_grid = raw_grid[:max_header_row]
    |     ^^^^^^^^^^^
618 |     data_grid = raw_grid[max_header_row:]
619 |     trimmed_data_grid, trimmed_rows, trimmed_cols = trim_trailing_empty(data_grid)
    |
help: Remove assignment to unused variable `header_grid`

B905 `zip()` without an explicit `strict=` parameter
   --> app\engine\imports\hardening.py:703:37
    |
701 |                     sheet_name=chosen_sheet_name,
702 |                     row_index=excel_row_num,
703 |                     raw_values=dict(zip(headers[: len(row)], row)),
    |                                     ^^^^^^^^^^^^^^^^^^^^^^^^^^^^^
704 |                 )
705 |             )
    |
help: Add explicit value for parameter `strict=`

C901 `check_imp_017_sign_rule` is too complex (12 > 10)
   --> app\engine\imports\parser.py:252:5
    |
252 | def check_imp_017_sign_rule(
    |     ^^^^^^^^^^^^^^^^^^^^^^^
253 |     val: Any,
254 |     rule: str = "cr_dr",
    |

B904 Within an `except` clause, raise exceptions with `raise ... from err` or `raise ... from None` to distinguish them from errors in exception handling
   --> app\engine\imports\parser.py:321:9
    |
319 |         amt = quantize_money(amt)
320 |     except (InvalidOperation, ValueError):
321 |         raise ValueError(f"Unparseable numeric value: {val}")
    |         ^^^^^^^^^^^^^^^^^^^^^^^^^^^^^^^^^^^^^^^^^^^^^^^^^^^^^
322 |
323 |     issue = None
    |

C901 `check_imp_023_balance` is too complex (11 > 10)
   --> app\engine\imports\parser.py:578:5
    |
578 | def check_imp_023_balance(
    |     ^^^^^^^^^^^^^^^^^^^^^
579 |     transactions: list[ParsedTransaction],
580 |     tolerance: Decimal = ZERO,
    |

C901 `parse_csv_transactions` is too complex (33 > 10)
   --> app\engine\imports\parser.py:692:5
    |
692 | def parse_csv_transactions(
    |     ^^^^^^^^^^^^^^^^^^^^^^
693 |     filepath: str | Path,
694 |     profile: MappingProfile | None = None,
    |

PLR0913 Too many arguments in function definition (8 > 5)
   --> app\engine\imports\parser.py:692:5
    |
692 | def parse_csv_transactions(
    |     ^^^^^^^^^^^^^^^^^^^^^^
693 |     filepath: str | Path,
694 |     profile: MappingProfile | None = None,
    |

B905 `zip()` without an explicit `strict=` parameter
   --> app\engine\imports\parser.py:758:33
    |
756 |                 else f"line {current_row_idx}"
757 |             )
758 |             raw_row_dict = dict(zip([f"col_{i}" for i in range(len(row))], row))
    |                                 ^^^^^^^^^^^^^^^^^^^^^^^^^^^^^^^^^^^^^^^^^^^^^^^
759 |
760 |             def get_col(field_name: str) -> str | None:
    |
help: Add explicit value for parameter `strict=`

B023 Function definition does not bind loop variable `row`
   --> app\engine\imports\parser.py:763:34
    |
761 |                 if field_name in col_idx_map:
762 |                     idx = col_idx_map[field_name]
763 |                     if idx < len(row):
    |                                  ^^^
764 |                         val = row[idx].strip()
765 |                         return val if val else None
    |

B023 Function definition does not bind loop variable `row`
   --> app\engine\imports\parser.py:764:31
    |
762 |                     idx = col_idx_map[field_name]
763 |                     if idx < len(row):
764 |                         val = row[idx].strip()
    |                               ^^^
765 |                         return val if val else None
766 |                 return None
    |

C901 `parse_excel_transactions` is too complex (12 > 10)
    --> app\engine\imports\parser.py:1145:5
     |
1145 | def parse_excel_transactions(
     |     ^^^^^^^^^^^^^^^^^^^^^^^^
1146 |     filepath: str | Path,
1147 |     profile: MappingProfile | None = None,
     |

PLR0913 Too many arguments in function definition (8 > 5)
    --> app\engine\imports\parser.py:1145:5
     |
1145 | def parse_excel_transactions(
     |     ^^^^^^^^^^^^^^^^^^^^^^^^
1146 |     filepath: str | Path,
1147 |     profile: MappingProfile | None = None,
     |

B905 `zip()` without an explicit `strict=` parameter
    --> app\engine\imports\parser.py:1183:31
     |
1181 |         }
1182 |         csv_rows: list[list[str]] = []
1183 |         for row_index, row in zip(hardened.row_indices, hardened.rows):
     |                               ^^^^^^^^^^^^^^^^^^^^^^^^^^^^^^^^^^^^^^^^
1184 |             serialized_row = []
1185 |             for column_index, value in enumerate(row):
     |
help: Add explicit value for parameter `strict=`

B905 `zip()` without an explicit `strict=` parameter
   --> app\engine\imports\vendor_budget_loader.py:130:27
    |
128 |             if canon and canon != "__ignored__":
129 |                 record[canon] = (v or "").strip() or None
130 |         raw_values = dict(zip(header_list, values))
    |                           ^^^^^^^^^^^^^^^^^^^^^^^^
131 |         code = (record.get("vendor_code") or "").strip()
132 |         if not code:
    |
help: Add explicit value for parameter `strict=`

B905 `zip()` without an explicit `strict=` parameter
   --> app\engine\imports\vendor_budget_loader.py:379:27
    |
377 |             if canon and canon != "__ignored__":
378 |                 record[canon] = (v or "").strip() or None
379 |         raw_values = dict(zip(header_list, values))
    |                           ^^^^^^^^^^^^^^^^^^^^^^^^
380 |
381 |         def quarantine(code: str, detail: str) -> None:
    |
help: Add explicit value for parameter `strict=`

B023 Function definition does not bind loop variable `ref`
   --> app\engine\imports\vendor_budget_loader.py:384:39
    |
382 |             quarantined.append(
383 |                 {
384 |                     "source_row_ref": ref,
    |                                       ^^^
385 |                     "reason_code": code,
386 |                     "reason_detail": detail,
    |

B023 Function definition does not bind loop variable `raw_values`
   --> app\engine\imports\vendor_budget_loader.py:387:35
    |
385 |                     "reason_code": code,
386 |                     "reason_detail": detail,
387 |                     "raw_values": raw_values,
    |                                   ^^^^^^^^^^
388 |                 }
389 |             )
    |

C901 `commit_budget_csv` is too complex (20 > 10)
   --> app\engine\imports\vendor_budget_loader.py:481:5
    |
481 | def commit_budget_csv(
    |     ^^^^^^^^^^^^^^^^^
482 |     db: DatabaseManager,
483 |     path: str | Path,
    |

PLR0913 Too many arguments in function definition (10 > 5)
   --> app\engine\imports\vendor_budget_loader.py:724:5
    |
724 | def _insert_batch_row(
    |     ^^^^^^^^^^^^^^^^^
725 |     db: DatabaseManager,
726 |     *,
    |

UP028 Replace `yield` over `for` loop with `yield from`
   --> app\engine\pptx_fill\layout.py:176:9
    |
174 |   def _iter_runs(shape: Any) -> Any:
175 |       for paragraph in shape.text_frame.paragraphs:
176 | /         for run in paragraph.runs:
177 | |             yield run
    | |_____________________^
help: Replace with `yield from`

PLR0913 Too many arguments in function definition (8 > 5)
   --> app\engine\pptx_fill\patterns.py:148:5
    |
148 | def fill_table(
    |     ^^^^^^^^^^
149 |     shape: Any,
150 |     rows: Sequence[Sequence[Any]],
    |

PLR0913 Too many arguments in function definition (6 > 5)
   --> app\engine\rules\acceptance.py:867:5
    |
867 | def measure(
    |     ^^^^^^^
868 |     context,
869 |     raises: Sequence[dict[str, str]],
    |

PLR0913 Too many arguments in function definition (6 > 5)
    --> app\engine\rules\acceptance.py:1157:5
     |
1157 | def run_acceptance(
     |     ^^^^^^^^^^^^^^
1158 |     sample_dir: Path = DEFAULT_SAMPLE_DIR,
1159 |     *,
     |

C901 `render_markdown` is too complex (22 > 10)
    --> app\engine\rules\acceptance.py:1249:5
     |
1249 | def render_markdown(report: AcceptanceReport) -> str:
     |     ^^^^^^^^^^^^^^^
1250 |     """Human-readable report (doc 14 §5.2 step 5)."""
1251 |     L: list[str] = []
     |

B007 Loop control variable `norm_inv` not used within loop body
   --> app\engine\rules\rules_01_08.py:360:23
    |
358 |         keyed_rows.append(((str(vendor_code).strip(), norm_inv, amt_key), tx))
359 |
360 |     for (vendor_code, norm_inv, amt_key), tx_list in iter_candidate_groups(
    |                       ^^^^^^^^
361 |         keyed_rows,
362 |         key_of=lambda item: item[0],
    |
help: Rename unused `norm_inv` to `_norm_inv`

B007 Loop control variable `amt_key` not used within loop body
   --> app\engine\rules\rules_01_08.py:360:33
    |
358 |         keyed_rows.append(((str(vendor_code).strip(), norm_inv, amt_key), tx))
359 |
360 |     for (vendor_code, norm_inv, amt_key), tx_list in iter_candidate_groups(
    |                                 ^^^^^^^
361 |         keyed_rows,
362 |         key_of=lambda item: item[0],
    |
help: Rename unused `amt_key` to `_amt_key`

C901 `evaluate_exc_002` is too complex (20 > 10)
   --> app\engine\rules\rules_01_08.py:434:5
    |
434 | def evaluate_exc_002(context: RuleContext) -> list[Finding]:
    |     ^^^^^^^^^^^^^^^^
435 |     """EXC-002: Detect postings to unmapped GL accounts or placeholder dimensions."""
436 |     findings: list[Finding] = []
    |

B007 Loop control variable `comp` not used within loop body
   --> app\engine\rules\rules_01_08.py:700:10
    |
698 |             groups.setdefault(key, []).append(tx)
699 |
700 |     for (comp, decl_p, deriv_p), tx_list in sorted(
    |          ^^^^
701 |         groups.items(), key=lambda x: (x[0][0], x[0][1])
702 |     ):
    |
help: Rename unused `comp` to `_comp`

C901 `evaluate_exc_005` is too complex (11 > 10)
   --> app\engine\rules\rules_01_08.py:767:5
    |
767 | def evaluate_exc_005(context: RuleContext) -> list[Finding]:
    |     ^^^^^^^^^^^^^^^^
768 |     """EXC-005: Detect unusual negative expenses/credits to expense accounts."""
769 |     findings: list[Finding] = []
    |

C901 `evaluate_exc_013` is too complex (15 > 10)
   --> app\engine\rules\rules_09_16.py:292:5
    |
292 | def evaluate_exc_013(context: RuleContext) -> list[Finding]:
    |     ^^^^^^^^^^^^^^^^
293 |     """EXC-013: Detect monthly spend spiking significantly vs historical trailing average."""
294 |     findings: list[Finding] = []
    |

C901 `evaluate_exc_014` is too complex (21 > 10)
   --> app\engine\rules\rules_09_16.py:394:5
    |
394 | def evaluate_exc_014(context: RuleContext) -> list[Finding]:
    |     ^^^^^^^^^^^^^^^^
395 |     """EXC-014: Detect spend posted to an account a vendor has never historically used."""
396 |     findings: list[Finding] = []
    |

C901 `evaluate_exc_016` is too complex (42 > 10)
   --> app\engine\rules\rules_09_16.py:619:5
    |
619 | def evaluate_exc_016(context: RuleContext) -> list[Finding]:
    |     ^^^^^^^^^^^^^^^^
620 |     """EXC-016: flag a stable month-end accrual pattern absent from this period."""
621 |     findings: list[Finding] = []
    |

C901 `evaluate_exc_019` is too complex (16 > 10)
  --> app\engine\rules\rules_17_24.py:83:5
   |
83 | def evaluate_exc_019(context: RuleContext) -> list[Finding]:
   |     ^^^^^^^^^^^^^^^^
84 |     """EXC-019: Detect a line that is still inside its monthly budget but has
85 |     already exceeded its share of the ANNUAL budget.
   |

C901 `evaluate_exc_020` is too complex (12 > 10)
   --> app\engine\rules\rules_17_24.py:225:5
    |
225 | def evaluate_exc_020(context: RuleContext) -> list[Finding]:
    |     ^^^^^^^^^^^^^^^^
226 |     """EXC-020: Make the SHAPE of the budget visible - entity x account x period
227 |     cells with no budget line, so a variance report is never silently incomplete.
    |

B007 Loop control variable `cc` not used within loop body
   --> app\engine\rules\rules_17_24.py:248:21
    |
246 |     # Budget matrix: (entity, account) -> {period: amount} across the open periods.
247 |     budget_by_pair: dict[tuple[str, str], dict[str, Decimal]] = defaultdict(dict)
248 |     for (comp, acc, cc, p), amount in context.budgets.items():
    |                     ^^
249 |         if p in open_periods:
250 |             budget_by_pair[(comp, acc)][p] = quantize_money(
    |
help: Rename unused `cc` to `_cc`

C901 `_exc021_threshold_records` is too complex (11 > 10)
   --> app\engine\rules\rules_17_24.py:346:5
    |
346 | def _exc021_threshold_records(context: RuleContext) -> list[dict[str, Any]]:
    |     ^^^^^^^^^^^^^^^^^^^^^^^^^
347 |     """Validate and normalize versioned rows from MasterApprovalThreshold."""
348 |     records: list[dict[str, Any]] = []
    |

C901 `_exc021_resolve_thresholds` is too complex (11 > 10)
   --> app\engine\rules\rules_17_24.py:411:5
    |
411 | def _exc021_resolve_thresholds(
    |     ^^^^^^^^^^^^^^^^^^^^^^^^^^
412 |     records: list[dict[str, Any]], tx: Any, effective_date: date
413 | ) -> list[dict[str, Any]]:
    |

C901 `_exc022_inputs` is too complex (15 > 10)
   --> app\engine\rules\rules_17_24.py:590:5
    |
590 | def _exc022_inputs(context: RuleContext) -> dict[str, Any]:
    |     ^^^^^^^^^^^^^^
591 |     """Collect current manual-pattern vouchers and the prior-period baseline."""
592 |     cfg = context.config
    |

C901 `_cross_batch_findings_for_key` is too complex (19 > 10)
   --> app\engine\rules\rules_catalog_001_008.py:240:5
    |
240 | def _cross_batch_findings_for_key(
    |     ^^^^^^^^^^^^^^^^^^^^^^^^^^^^^
241 |     context: RuleContext,
242 |     batch_by_id: dict[str, Any],
    |

C901 `evaluate_catalog_exc_006` is too complex (19 > 10)
   --> app\engine\rules\rules_catalog_001_008.py:500:5
    |
500 | def evaluate_catalog_exc_006(context: RuleContext) -> list[Finding]:
    |     ^^^^^^^^^^^^^^^^^^^^^^^^
501 |     """Raise material actuals at the configured scope with no annual budget line."""
502 |     run_period = _period_order(context.period_id)
    |

B023 Function definition does not bind loop variable `item`
   --> app\engine\rules\rules_catalog_001_008.py:715:53
    |
713 |         # largest class of false positives.
714 |         is_candidate=lambda _key, rows: (
715 |             count_distinct(rows, lambda item: _text(item[1], "voucher_no")) >= 2
    |                                                     ^^^^
716 |         ),
717 |         order_by=lambda group: group[0],
    |

UP046 Generic class `PagedResult` uses `Generic` subclass instead of type parameters
  --> app\engine\store\analytics_repo.py:23:19
   |
22 | @dataclass
23 | class PagedResult(Generic[T]):
   |                   ^^^^^^^^^^
24 |     """Standard paged result envelope per 26_API_CONTRACT.md §2.4 and 09 §12."""
   |
help: Use type parameters

PLR0913 Too many arguments in function definition (7 > 5)
   --> app\engine\store\analytics_repo.py:168:9
    |
166 |         return valid_page, valid_page_size, offset
167 |
168 |     def get_bva_summary(
    |         ^^^^^^^^^^^^^^^
169 |         self,
170 |         period_id: int | None = None,
    |
help: Consider adding `@typing.override` if changing the function signature would violate the Liskov Substitution Principle

B905 `zip()` without an explicit `strict=` parameter
   --> app\engine\store\analytics_repo.py:304:33
    |
302 |             items: list[BvaSummaryRow] = []
303 |             for row in cursor.fetchall():
304 |                 row_dict = dict(zip(columns, row))
    |                                 ^^^^^^^^^^^^^^^^^
305 |                 actual_val = quantize_money(row_dict["actual_amount"])
306 |                 budget_val = quantize_money(row_dict["budget_amount"])
    |
help: Add explicit value for parameter `strict=`

B905 `zip()` without an explicit `strict=` parameter
   --> app\engine\store\analytics_repo.py:511:33
    |
509 |             items: list[EntityRollupRow] = []
510 |             for row in cursor.fetchall():
511 |                 row_dict = dict(zip(columns, row))
    |                                 ^^^^^^^^^^^^^^^^^
512 |                 act = quantize_money(row_dict["actual_amount"])
513 |                 bud = quantize_money(row_dict["budget_amount"])
    |
help: Add explicit value for parameter `strict=`

B905 `zip()` without an explicit `strict=` parameter
   --> app\engine\store\analytics_repo.py:704:33
    |
702 |             items: list[CostCenterRollupRow] = []
703 |             for row in cursor.fetchall():
704 |                 row_dict = dict(zip(columns, row))
    |                                 ^^^^^^^^^^^^^^^^^
705 |                 act = quantize_money(row_dict["actual_amount"])
706 |                 bud = quantize_money(row_dict["budget_amount"])
    |
help: Add explicit value for parameter `strict=`

PLR0913 Too many arguments in function definition (9 > 5)
   --> app\engine\store\analytics_repo.py:739:9
    |
737 |             conn.close()
738 |
739 |     def get_transaction_drill(
    |         ^^^^^^^^^^^^^^^^^^^^^
740 |         self,
741 |         period_id: int | None = None,
    |
help: Consider adding `@typing.override` if changing the function signature would violate the Liskov Substitution Principle

B905 `zip()` without an explicit `strict=` parameter
   --> app\engine\store\analytics_repo.py:841:33
    |
839 |             items: list[DrillRow] = []
840 |             for row in cursor.fetchall():
841 |                 row_dict = dict(zip(columns, row))
    |                                 ^^^^^^^^^^^^^^^^^
842 |                 items.append(
843 |                     DrillRow(
    |
help: Add explicit value for parameter `strict=`

B905 `zip()` without an explicit `strict=` parameter
   --> app\engine\store\analytics_repo.py:976:33
    |
974 |             items: list[DrillRow] = []
975 |             for row in cursor.fetchall():
976 |                 row_dict = dict(zip(columns, row))
    |                                 ^^^^^^^^^^^^^^^^^
977 |                 items.append(
978 |                     DrillRow(
    |
help: Add explicit value for parameter `strict=`

C901 `build_rule_context` is too complex (15 > 10)
   --> app\engine\store\exceptions_repo.py:201:9
    |
199 |         self.db = db_manager
200 |
201 |     def build_rule_context(
    |         ^^^^^^^^^^^^^^^^^^
202 |         self, period_code: str = "FY26-P09", as_of_date: str | None = None
203 |     ) -> RuleContext:
    |

F841 Local variable `period_num` is assigned to but never used
   --> app\engine\store\exceptions_repo.py:220:21
    |
218 |                     period_num = int(period_code.split("-P")[1])
219 |                 except Exception:
220 |                     period_num = 9
    |                     ^^^^^^^^^^
221 |
222 |             query_tx = """
    |
help: Remove assignment to unused variable `period_num`

C901 `list_exceptions` is too complex (13 > 10)
   --> app\engine\store\exceptions_repo.py:611:9
    |
609 |         }
610 |
611 |     def list_exceptions(
    |         ^^^^^^^^^^^^^^^
612 |         self,
613 |         period_code: str | None = None,
    |

PLR0913 Too many arguments in function definition (9 > 5)
   --> app\engine\store\exceptions_repo.py:611:9
    |
609 |         }
610 |
611 |     def list_exceptions(
    |         ^^^^^^^^^^^^^^^
612 |         self,
613 |         period_code: str | None = None,
    |
help: Consider adding `@typing.override` if changing the function signature would violate the Liskov Substitution Principle

C901 `generate_forecast` is too complex (29 > 10)
   --> app\engine\store\forecast_repo.py:100:9
    |
 98 |             duck_conn.close()
 99 |
100 |     def generate_forecast(
    |         ^^^^^^^^^^^^^^^^^
101 |         self,
102 |         scenario_id: str = "base",
    |

PLR0913 Too many arguments in function definition (6 > 5)
   --> app\engine\store\forecast_repo.py:393:9
    |
391 |         )
392 |
393 |     def apply_manual_override(
    |         ^^^^^^^^^^^^^^^^^^^^^
394 |         self,
395 |         account_id: int,
    |
help: Consider adding `@typing.override` if changing the function signature would violate the Liskov Substitution Principle

PLR0913 Too many arguments in function definition (6 > 5)
  --> app\engine\store\import_repo.py:70:9
   |
69 |     @staticmethod
70 |     def _get_or_create_dimension_id(
   |         ^^^^^^^^^^^^^^^^^^^^^^^^^^^
71 |         duck_conn: duckdb.DuckDBPyConnection,
72 |         *,
   |
help: Consider adding `@typing.override` if changing the function signature would violate the Liskov Substitution Principle

C901 `commit_batch` is too complex (20 > 10)
   --> app\engine\store\import_repo.py:108:9
    |
106 |         return new_id
107 |
108 |     def commit_batch(
    |         ^^^^^^^^^^^^
109 |         self,
110 |         batch: ImportBatchResult,
    |

PLR0913 Too many arguments in function definition (12 > 5)
   --> app\engine\store\mapping_repo.py:191:9
    |
189 |         return profile
190 |
191 |     def create_version(
    |         ^^^^^^^^^^^^^^
192 |         self,
193 |         profile_id: int,
    |
help: Consider adding `@typing.override` if changing the function signature would violate the Liskov Substitution Principle

B905 `zip()` without an explicit `strict=` parameter
   --> app\engine\store\mapping_repo.py:624:29
    |
622 |             results = []
623 |             for row in rows:
624 |                 data = dict(zip(cols, row))
    |                             ^^^^^^^^^^^^^^
625 |                 tf = data.get("transform")
626 |                 tf_dict = json.loads(tf) if tf and isinstance(tf, str) else None
    |
help: Add explicit value for parameter `strict=`

PLR0913 Too many arguments in function definition (7 > 5)
   --> app\engine\store\mapping_suggestion_repo.py:186:9
    |
184 |         return {"applied": applied, "skipped": skipped, "action": action}
185 |
186 |     def _write_audit(
    |         ^^^^^^^^^^^^
187 |         self,
188 |         conn: Any,
    |
help: Consider adding `@typing.override` if changing the function signature would violate the Liskov Substitution Principle

C901 `create_approval_threshold_version` is too complex (16 > 10)
  --> app\engine\store\master_data_repo.py:79:9
   |
77 |             conn.close()
78 |
79 |     def create_approval_threshold_version(
   |         ^^^^^^^^^^^^^^^^^^^^^^^^^^^^^^^^^
80 |         self,
81 |         *,
   |

PLR0913 Too many arguments in function definition (11 > 5)
  --> app\engine\store\master_data_repo.py:79:9
   |
77 |             conn.close()
78 |
79 |     def create_approval_threshold_version(
   |         ^^^^^^^^^^^^^^^^^^^^^^^^^^^^^^^^^
80 |         self,
81 |         *,
   |
help: Consider adding `@typing.override` if changing the function signature would violate the Liskov Substitution Principle

PLR0913 Too many arguments in function definition (7 > 5)
   --> app\engine\store\period_repo.py:131:9
    |
129 |         return None
130 |
131 |     def open_period(
    |         ^^^^^^^^^^^
132 |         self,
133 |         fiscal_year: int,
    |
help: Consider adding `@typing.override` if changing the function signature would violate the Liskov Substitution Principle

PLR0913 Too many arguments in function definition (6 > 5)
   --> app\engine\store\reports_repo.py:256:9
    |
254 |         return self.get_packs(period_code=period_code)
255 |
256 |     def issue_pack(
    |         ^^^^^^^^^^
257 |         self,
258 |         period_id: int,
    |
help: Consider adding `@typing.override` if changing the function signature would violate the Liskov Substitution Principle

PLR0913 Too many arguments in function definition (6 > 5)
   --> app\engine\store\reports_repo.py:487:9
    |
485 |             sqlite_conn.close()
486 |
487 |     def save_commentary(
    |         ^^^^^^^^^^^^^^^
488 |         self,
489 |         period_id: int,
    |
help: Consider adding `@typing.override` if changing the function signature would violate the Liskov Substitution Principle

F841 Local variable `status` is assigned to but never used
  --> scripts\audit_ui_states.py:54:13
   |
52 |         if has_api:
53 |             gap_flag = "**DEFECT: No Empty/Error boundary in React code**"
54 |             status = "FAIL"
   |             ^^^^^^
55 |             gap_count += 1
   |
help: Remove assignment to unused variable `status`

C901 `preconditions` is too complex (21 > 10)
   --> scripts\build.py:299:5
    |
299 | def preconditions(root: Path, args: argparse.Namespace, version: str) -> None:
    |     ^^^^^^^^^^^^^
300 |     """Doc 15 section 3.1, checked in the documented order.
    |

C901 `audit_payload` is too complex (23 > 10)
   --> scripts\build.py:686:5
    |
686 | def audit_payload(root: Path, payload: Path) -> tuple[list[str], list[str], dict[str, int]]:
    |     ^^^^^^^^^^^^^
687 |     """Doc 15 section 3.2 step 5:
    |

E402 Module level import not at top of file
  --> scripts\check_contract_drift.py:17:1
   |
15 |     sys.path.insert(0, str(ROOT_DIR))
16 |
17 | from fastapi.openapi.utils import get_openapi
   | ^^^^^^^^^^^^^^^^^^^^^^^^^^^^^^^^^^^^^^^^^^^^^
18 |
19 | from app.api.main import app
   |
help: Move module level imports to top of file

E402 Module level import not at top of file
  --> scripts\check_contract_drift.py:19:1
   |
17 | from fastapi.openapi.utils import get_openapi
18 |
19 | from app.api.main import app
   | ^^^^^^^^^^^^^^^^^^^^^^^^^^^^
help: Move module level imports to top of file

B007 Loop control variable `target_path` not used within loop body
  --> scripts\check_manifest.py:29:27
   |
27 | else:
28 |     print(f"Found {len(invalid_items)} missing files:")
29 |     for line_num, target, target_path in invalid_items:
   |                           ^^^^^^^^^^^
30 |         print(f"Line {line_num}: {target}")
   |
help: Rename unused `target_path` to `_target_path`

C901 `scan_implementations` is too complex (11 > 10)
  --> scripts\check_rule_traceability.py:38:5
   |
38 | def scan_implementations(rules_dir: Path) -> dict[str, tuple[str, str]]:
   |     ^^^^^^^^^^^^^^^^^^^^
39 |     """Scan app/engine/rules AST to find where each EXC rule is implemented."""
40 |     rule_map: dict[str, tuple[str, str]] = {}
   |

F841 Local variable `fn_code` is assigned to but never used
  --> scripts\check_rule_traceability.py:56:17
   |
54 |                 fn_name = node.name
55 |                 doc = ast.get_docstring(node) or ""
56 |                 fn_code = fn_name.lower()
   |                 ^^^^^^^
57 |
58 |                 # Look for EXC-xxx citations in function name, docstring, or body
   |
help: Remove assignment to unused variable `fn_code`

C901 `scan_tests` is too complex (11 > 10)
  --> scripts\check_rule_traceability.py:75:5
   |
75 | def scan_tests(tests_dir: Path) -> dict[str, tuple[str, str]]:
   |     ^^^^^^^^^^
76 |     """Scan tests/ AST to find tests proving each EXC rule."""
77 |     test_map: dict[str, tuple[str, str]] = {}
   |

C901 `parse_catalog_specs` is too complex (12 > 10)
  --> scripts\check_spec_constants.py:36:5
   |
36 | def parse_catalog_specs(doc_path: Path) -> dict[str, CatalogSpec]:
   |     ^^^^^^^^^^^^^^^^^^^
37 |     """Dynamically parse all 24 exception rule specifications from docs/06."""
38 |     text = doc_path.read_text(encoding="utf-8")
   |

C901 `check_spec_constants` is too complex (11 > 10)
  --> scripts\check_spec_constants.py:94:5
   |
94 | def check_spec_constants(
   |     ^^^^^^^^^^^^^^^^^^^^
95 |     doc_path: Path = DOC_06, rules_path: Path = RULES_DIR
96 | ) -> tuple[int, list[str]]:
   |

B007 Loop control variable `spec` not used within loop body
   --> scripts\check_spec_constants.py:136:15
    |
135 |     # Verify each catalog rule
136 |     for r_id, spec in sorted(specs.items()):
    |               ^^^^
137 |         if r_id not in coverage_map:
138 |             issues.append(f"Missing evaluator for {r_id} in active catalog batch")
    |
help: Rename unused `spec` to `_spec`

C901 `extract_tst_from_decorator` is too complex (12 > 10)
  --> scripts\check_tst_catalogue.py:87:5
   |
87 | def extract_tst_from_decorator(decorator: ast.expr) -> list[str]:
   |     ^^^^^^^^^^^^^^^^^^^^^^^^^^
88 |     """Extract string arguments from pytest mark decorators."""
89 |     res: list[str] = []
   |

C901 `main` is too complex (14 > 10)
   --> scripts\check_tst_catalogue.py:113:5
    |
113 | def main() -> int:
    |     ^^^^
114 |     print("=== FinalFPA Test Catalogue Traceability Checker (DEF-012) ===")
    |

F841 Local variable `header_line` is assigned to but never used
  --> scripts\corpus_data_quality_report.py:39:13
   |
37 |                 break
38 |         else:
39 |             header_line = ""
   |             ^^^^^^^^^^^
40 |
41 |     # Reset and read via csv.DictReader
   |
help: Remove assignment to unused variable `header_line`

F821 Undefined name `sys`
  --> scripts\corpus_data_quality_report.py:86:51
   |
84 |     gl_path = DATA / "d365_gl_actuals.csv"
85 |     if not gl_path.exists():
86 |         print(f"ERROR: {gl_path} not found", file=sys.stderr)
   |                                                   ^^^
87 |         return 1
   |

C901 `create_completed_tieout` is too complex (20 > 10)
 --> scripts\generate_completed_tieout.py:7:5
  |
7 | def create_completed_tieout():
  |     ^^^^^^^^^^^^^^^^^^^^^^^
8 |     wb = openpyxl.Workbook()
9 |     ws_summary = wb.active
  |

F841 Local variable `fill_sec` is assigned to but never used
  --> scripts\generate_completed_tieout.py:24:5
   |
23 |     fill_hdr = PatternFill(start_color="1F497D", end_color="1F497D", fill_type="solid")
24 |     fill_sec = PatternFill(start_color="DCE6F1", end_color="DCE6F1", fill_type="solid")
   |     ^^^^^^^^
25 |     fill_notice = PatternFill(start_color="FDE9D9", end_color="FDE9D9", fill_type="solid")
26 |     fill_pass = PatternFill(start_color="E2EFDA", end_color="E2EFDA", fill_type="solid")
   |
help: Remove assignment to unused variable `fill_sec`

E402 Module level import not at top of file
  --> scripts\generate_error_catalogue.py:14:1
   |
12 | sys.path.insert(0, str(ROOT))
13 |
14 | from app.engine.errors import get_error_catalog
   | ^^^^^^^^^^^^^^^^^^^^^^^^^^^^^^^^^^^^^^^^^^^^^^^
15 |
16 | EVIDENCE_PATH = ROOT / "evidence" / "ux" / "error-catalogue.md"
   |
help: Move module level imports to top of file

C901 `main` is too complex (16 > 10)
   --> scripts\inject_fault.py:323:5
    |
323 | def main(argv: list[str] | None = None) -> int:
    |     ^^^^
324 |     parser = argparse.ArgumentParser(
325 |         description="Inject named corpus faults and assert the tool catches each."
    |

UP031 Use format specifiers instead of percent format
   --> scripts\make_app_icon.py:159:15
    |
157 |     if not args.check:
158 |         written = build_ico(ICO_PATH)
159 |         print("wrote %s" % ICO_PATH.relative_to(ROOT))
    |               ^^^^^^^^^^^^^^^^^^^^^^^^^^^^^^^^^^^^^^^
160 |         print("requested sizes: %s" % ", ".join(str(n) for n in written))
    |
help: Replace with format specifiers

UP031 Use format specifiers instead of percent format
   --> scripts\make_app_icon.py:160:15
    |
158 |         written = build_ico(ICO_PATH)
159 |         print("wrote %s" % ICO_PATH.relative_to(ROOT))
160 |         print("requested sizes: %s" % ", ".join(str(n) for n in written))
    |               ^^^^^^^^^^^^^^^^^^^^^^^^^^^^^^^^^^^^^^^^^^^^^^^^^^^^^^^^^^
161 |
162 |     if not ICO_PATH.exists():
    |
help: Replace with format specifiers

UP031 Use format specifiers instead of percent format
   --> scripts\make_app_icon.py:163:15
    |
162 |     if not ICO_PATH.exists():
163 |         print("FAIL: %s does not exist" % ICO_PATH)
    |               ^^^^^^^^^^^^^^^^^^^^^^^^^^^^^^^^^^^^
164 |         return 1
    |
help: Replace with format specifiers

UP031 Use format specifiers instead of percent format
   --> scripts\make_app_icon.py:170:11
    |
168 |     sizes = embedded_sizes(ICO_PATH)
169 |
170 |     print("bytes        : %d (gate requires >= 1024)" % size)
    |           ^^^^^^^^^^^^^^^^^^^^^^^^^^^^^^^^^^^^^^^^^^^
171 |     print("header       : reserved=%d type=%d count=%d" % (reserved, ico_type, count))
172 |     print("embedded sizes: %s" % ", ".join(str(s) for s in sizes))
    |
help: Replace with format specifiers

UP031 Use format specifiers instead of percent format
   --> scripts\make_app_icon.py:171:11
    |
170 |     print("bytes        : %d (gate requires >= 1024)" % size)
171 |     print("header       : reserved=%d type=%d count=%d" % (reserved, ico_type, count))
    |           ^^^^^^^^^^^^^^^^^^^^^^^^^^^^^^^^^^^^^^^^^^^^^
172 |     print("embedded sizes: %s" % ", ".join(str(s) for s in sizes))
    |
help: Replace with format specifiers

UP031 Use format specifiers instead of percent format
   --> scripts\make_app_icon.py:172:11
    |
170 |     print("bytes        : %d (gate requires >= 1024)" % size)
171 |     print("header       : reserved=%d type=%d count=%d" % (reserved, ico_type, count))
172 |     print("embedded sizes: %s" % ", ".join(str(s) for s in sizes))
    |           ^^^^^^^^^^^^^^^^^^^^^^^^^^^^^^^^^^^^^^^^^^^^^^^^^^^^^^^
173 |
174 |     ok = size >= 1024 and reserved == 0 and ico_type == 1 and count > 0
    |
help: Replace with format specifiers

UP031 Use format specifiers instead of percent format
   --> scripts\make_pptx_template.py:520:17
    |
518 |                 SURFACE_CARD,
519 |                 False,
520 |                 "L576 chip background at x=%s 3.00x0.75" % cx,
    |                 ^^^^^^^^^^^^^^^^^^^^^^^^^^^^^^^^^^^^^^^^^^^^^
521 |             )
522 |         )
    |
help: Replace with format specifiers

UP031 Use format specifiers instead of percent format
   --> scripts\make_pptx_template.py:615:17
    |
613 |                 SURFACE_CARD,
614 |                 False,
615 |                 "L611 card background x=%s 3.97x1.35" % cx,
    |                 ^^^^^^^^^^^^^^^^^^^^^^^^^^^^^^^^^^^^^^^^^^
616 |             )
617 |         )
    |
help: Replace with format specifiers

B905 `zip()` without an explicit `strict=` parameter
    --> scripts\make_pptx_template.py:1037:36
     |
1035 |           chart.legend.include_in_layout = False
1036 |           budget_line = RGBColor(0x9C, 0xA3, 0xAF)
1037 |           for series, (rgb, dash) in zip(
     |  ____________________________________^
1038 | |             chart.series,
1039 | |             (
1040 | |                 (BRAND_PRIMARY, None),
1041 | |                 (BRAND_SECONDARY, None),
1042 | |                 (budget_line, MSO_LINE_DASH_STYLE.ROUND_DOT),
1043 | |             ),
1044 | |         ):
     | |_________^
1045 |               series.format.line.color.rgb = rgb
1046 |               if dash is not None:
     |
help: Add explicit value for parameter `strict=`

E402 Module level import not at top of file
  --> scripts\run_uat_dry_run.py:25:1
   |
23 |       sys.path.insert(0, str(ROOT_DIR))
24 |
25 | / from app.engine.exports.excel_pack import (
26 | |     PackContext,
27 | |     export_excel_pack,
28 | | )
   | |_^
29 |   from app.engine.exports.ppt_pack import (
30 |       DeckContext,
   |
help: Move module level imports to top of file

E402 Module level import not at top of file
  --> scripts\run_uat_dry_run.py:29:1
   |
27 |       export_excel_pack,
28 |   )
29 | / from app.engine.exports.ppt_pack import (
30 | |     DeckContext,
31 | |     generate_powerpoint_deck,
32 | | )
   | |_^
33 |   from app.engine.store.analytics_repo import AnalyticsRepository
34 |   from app.engine.store.db import DatabaseManager
   |
help: Move module level imports to top of file

E402 Module level import not at top of file
  --> scripts\run_uat_dry_run.py:33:1
   |
31 |     generate_powerpoint_deck,
32 | )
33 | from app.engine.store.analytics_repo import AnalyticsRepository
   | ^^^^^^^^^^^^^^^^^^^^^^^^^^^^^^^^^^^^^^^^^^^^^^^^^^^^^^^^^^^^^^^
34 | from app.engine.store.db import DatabaseManager
35 | from tests.artefacts.test_cross_artifact import create_sample_pack_data
   |
help: Move module level imports to top of file

E402 Module level import not at top of file
  --> scripts\run_uat_dry_run.py:34:1
   |
32 | )
33 | from app.engine.store.analytics_repo import AnalyticsRepository
34 | from app.engine.store.db import DatabaseManager
   | ^^^^^^^^^^^^^^^^^^^^^^^^^^^^^^^^^^^^^^^^^^^^^^^
35 | from tests.artefacts.test_cross_artifact import create_sample_pack_data
   |
help: Move module level imports to top of file

E402 Module level import not at top of file
  --> scripts\run_uat_dry_run.py:35:1
   |
33 | from app.engine.store.analytics_repo import AnalyticsRepository
34 | from app.engine.store.db import DatabaseManager
35 | from tests.artefacts.test_cross_artifact import create_sample_pack_data
   | ^^^^^^^^^^^^^^^^^^^^^^^^^^^^^^^^^^^^^^^^^^^^^^^^^^^^^^^^^^^^^^^^^^^^^^^
help: Move module level imports to top of file

F841 Local variable `cfg` is assigned to but never used
   --> scripts\team.py:422:5
    |
421 | def cmd_task_add(args: argparse.Namespace) -> int:
422 |     cfg = config()
    |     ^^^
423 |     ts = tasks()
424 |     if args.tb:
    |
help: Remove assignment to unused variable `cfg`

C901 `cmd_claim` is too complex (25 > 10)
   --> scripts\team.py:487:5
    |
487 | def cmd_claim(args: argparse.Namespace) -> int:
    |     ^^^^^^^^^
488 |     cfg = config()
489 |     ensure_dirs()
    |

F841 Local variable `cfg` is assigned to but never used
   --> scripts\team.py:871:5
    |
870 | def cmd_digest(args: argparse.Namespace) -> int:
871 |     cfg = config()
    |     ^^^
872 |     state = (
873 |         (ROOT / "STATE.md").read_text(encoding="utf-8", errors="replace")
    |
help: Remove assignment to unused variable `cfg`

C901 `cmd_leader` is too complex (16 > 10)
   --> scripts\team.py:940:5
    |
940 | def cmd_leader(args: argparse.Namespace) -> int:
    |     ^^^^^^^^^^
941 |     """Leader view: who is working, who is idle, what is claimable, what needs a verifier.
    |

C901 `cmd_check` is too complex (58 > 10)
    --> scripts\team.py:1230:5
     |
1230 | def cmd_check(args: argparse.Namespace) -> int:
     |     ^^^^^^^^^
1231 |     cfg = config()
1232 |     fails: list[str] = []
     |

C901 `decide` is too complex (12 > 10)
   --> scripts\team_watchdog.py:275:5
    |
274 | # --------------------------------------------------------------------------- decisions
275 | def decide(s: dict, st: dict, cfg: dict) -> list[dict]:
    |     ^^^^^^
276 |     """Pure function: survey + previous state + config -> the list of actions.
    |

F841 Local variable `cfg` is assigned to but never used
   --> scripts\team_watchdog.py:471:5
    |
470 | def _loop(interval: int, max_ticks: int, dry_run: bool = False) -> int:
471 |     cfg = config()
    |     ^^^
472 |     seen = code_fingerprint()
473 |     interval = max(1, interval)
    |
help: Remove assignment to unused variable `cfg`

E402 Module level import not at top of file
  --> scripts\verify_analyst_maths_trace.py:14:1
   |
12 | sys.path.insert(0, str(ROOT))
13 |
14 | from app.engine.calc.observable import get_twelve_observable_numbers
   | ^^^^^^^^^^^^^^^^^^^^^^^^^^^^^^^^^^^^^^^^^^^^^^^^^^^^^^^^^^^^^^^^^^^^
15 |
16 | EVIDENCE_PATH = ROOT / "evidence" / "ux" / "numbers-trace.md"
   |
help: Move module level imports to top of file

C901 `main` is too complex (12 > 10)
  --> scripts\verify_audit_citations.py:73:5
   |
73 | def main():
   |     ^^^^
74 |     docs_text = ""
75 |     for md in DOCS_DIR.glob("*.md"):
   |

C901 `verify_gl_trial_balance` is too complex (11 > 10)
   --> scripts\verify_trial_balance.py:169:5
    |
169 | def verify_gl_trial_balance(file_path: str | Path) -> TrialBalanceResult:
    |     ^^^^^^^^^^^^^^^^^^^^^^^
170 |     """Read GL CSV file and verify debit == credit per entity and whole file."""
171 |     path = Path(file_path)
    |

F841 Local variable `duration` is assigned to but never used
  --> scripts\witness_corpus.py:41:5
   |
39 |         cmd, cwd=str(REPO), capture_output=True, text=True, encoding="utf-8", errors="replace"
40 |     )
41 |     duration = (datetime.now(UTC) - start).total_seconds()
   |     ^^^^^^^^
42 |     return res.returncode, res.stdout, res.stderr
   |
help: Remove assignment to unused variable `duration`

F841 Local variable `suggestion_id` is assigned to but never used
   --> tests\integration\test_mapping_seam_api.py:112:5
    |
111 |     # A reviewer accepts the suggestion raised by import N.
112 |     suggestion_id = _enqueue_and_accept(run_n["batchId"])
    |     ^^^^^^^^^^^^^
113 |
114 |     # ---- import N+1 picks it up automatically.
    |
help: Remove assignment to unused variable `suggestion_id`

F841 Local variable `backup_file` is assigned to but never used
  --> tests\integration\test_prior_version_upgrade.py:34:5
   |
33 |     # 2. Pre-migration mandatory backup
34 |     backup_file = tmp_path / f"backup_pre_migration_{meta['schema_version']}.zip"
   |     ^^^^^^^^^^^
35 |     shutil.make_archive(str(tmp_path / "pre_mig_backup"), "zip", proj_dir)
36 |     assert Path(str(tmp_path / "pre_mig_backup.zip")).exists()
   |
help: Remove assignment to unused variable `backup_file`

E741 Ambiguous variable name: `l`
  --> tests\uat\test_uat_dry_run.py:55:24
   |
53 |     actual_totals = {}
54 |     with open(actuals_path, encoding="utf-8") as f:
55 |         lines = [l for l in f if not l.startswith("#")]
   |                        ^
56 |         for r in csv.DictReader(lines):
57 |             if r.get("CompanyCode") == company_code and r.get("PostingDate", "").startswith(
   |

E741 Ambiguous variable name: `l`
  --> tests\uat\test_uat_dry_run.py:68:24
   |
66 |     budget_totals = {}
67 |     with open(budget_path, encoding="utf-8") as f:
68 |         lines = [l for l in f if not l.startswith("#")]
   |                        ^
69 |         for r in csv.DictReader(lines):
70 |             if r.get("EntityCode") == company_code and r.get("PeriodCode") == period_code:
   |

C901 `test_def016_behavioural_guard_no_tautological_uat_literals` is too complex (33 > 10)
   --> tests\uat\test_uat_dry_run.py:378:5
    |
378 | def test_def016_behavioural_guard_no_tautological_uat_literals():
    |     ^^^^^^^^^^^^^^^^^^^^^^^^^^^^^^^^^^^^^^^^^^^^^^^^^^^^^^^^^^
379 |     import ast
380 |     import re
    |

F841 Local variable `gl_corpus` is assigned to but never used
   --> tests\uat\test_uat_dry_run.py:503:5
    |
502 |     corpus_dir = Path(__file__).resolve().parents[2] / "sample-data"
503 |     gl_corpus = corpus_dir / "d365_gl_actuals.csv"
    |     ^^^^^^^^^
504 |
505 |     # 2. Every UAT test that references the real corpus is exempt: its expected
    |
help: Remove assignment to unused variable `gl_corpus`

B905 `zip()` without an explicit `strict=` parameter
  --> tests\unit\test_acceptance_determinism.py:61:47
   |
59 |         f"{len(first_keys)} findings in run 1 vs {len(second_keys)} in run 2; "
60 |         f"first difference at "
61 |         f"{next((i for i, (a, b) in enumerate(zip(first_keys, second_keys)) if a != b), None)}"
   |                                               ^^^^^^^^^^^^^^^^^^^^^^^^^^^^
62 |     )
63 |     assert first, "expected the corpus to raise findings"
   |
help: Add explicit value for parameter `strict=`

B017 Do not assert blind exception: `Exception`
   --> tests\unit\test_ai_client_coverage.py:503:10
    |
502 | def test_render_payload_rejects_missing_required_variable():
503 |     with pytest.raises(Exception):
    |          ^^^^^^^^^^^^^^^^^^^^^^^^
504 |         _template().render_payload({"period": "P09"})
    |

F841 Local variable `engine` is assigned to but never used
  --> tests\unit\test_ai_eval_fixtures.py:11:5
   |
 9 | def test_tst_ai_01_03_mapping_suggestions_and_evidence():
10 |     """TST-AI-01..03: Verify column mapping suggestions and evidence rendering."""
11 |     engine = RedactionEngine()
   |     ^^^^^^
12 |     raw = "Dept Code, Vendor Name Text, Actual Amount USD"
13 |     assert "Dept Code" in raw
   |
help: Remove assignment to unused variable `engine`

F841 Local variable `d1` is assigned to but never used
  --> tests\unit\test_ai_eval_fixtures.py:21:5
   |
19 |     store = AiProvenanceStore()
20 |     s_key = "Test Subject TST-AI-04"
21 |     d1 = store.save_draft(s_key, 9, "Draft v1", "gpt-4o", "PROMPT-01", "PROMPT-01.v1", "Aarti")
   |     ^^
22 |     d2 = store.save_draft(s_key, 9, "Draft v2", "gpt-4o", "PROMPT-01", "PROMPT-01.v2", "Aarti")
   |
help: Remove assignment to unused variable `d1`

F841 Local variable `d2` is assigned to but never used
  --> tests\unit\test_ai_eval_fixtures.py:22:5
   |
20 |     s_key = "Test Subject TST-AI-04"
21 |     d1 = store.save_draft(s_key, 9, "Draft v1", "gpt-4o", "PROMPT-01", "PROMPT-01.v1", "Aarti")
22 |     d2 = store.save_draft(s_key, 9, "Draft v2", "gpt-4o", "PROMPT-01", "PROMPT-01.v2", "Aarti")
   |     ^^
23 |
24 |     drafts = store.list_drafts(s_key, 9)
   |
help: Remove assignment to unused variable `d2`

F841 Local variable `loaded_total_debit` is assigned to but never used
  --> tests\unit\test_control_reconciliation.py:14:5
   |
12 |     """
13 |     file_total_debit = Decimal("12500000.00")
14 |     loaded_total_debit = Decimal("12500000.00")
   |     ^^^^^^^^^^^^^^^^^^
15 |
16 |     # 1. Matching control total
   |
help: Remove assignment to unused variable `loaded_total_debit`

F841 Local variable `repo` is assigned to but never used
  --> tests\unit\test_crash_recovery_import.py:24:5
   |
22 |     db_path = tmp_path / "recovery.db"
23 |     db_mgr = DatabaseManager(db_path)
24 |     repo = ImportRepository(db_mgr)
   |     ^^^^
25 |
26 |     # Valid parse result but test transactional atomicity / rollback behavior
   |
help: Remove assignment to unused variable `repo`

C901 `test_def013_guard_no_swallowed_assertions` is too complex (12 > 10)
 --> tests\unit\test_def013_guard_vacuous_asserts.py:7:5
  |
7 | def test_def013_guard_no_swallowed_assertions():
  |     ^^^^^^^^^^^^^^^^^^^^^^^^^^^^^^^^^^^^^^^^^
8 |     tests_dir = Path("tests")
9 |     offenders = []
  |

B017 Do not assert blind exception: `Exception`
   --> tests\unit\test_def030_bulk_insert.py:133:14
    |
131 |             (1, "50.00"),  # duplicate primary key in the third chunk
132 |         ]
133 |         with pytest.raises(Exception):
    |              ^^^^^^^^^^^^^^^^^^^^^^^^
134 |             _bulk_insert(conn, "t", ("id", "amount"), rows)
135 |         assert conn.execute("SELECT COUNT(*) FROM t").fetchone()[0] == 0
    |

E402 Module level import not at top of file
  --> tests\unit\test_formula_error_cell_handling.py:14:1
   |
13 | openpyxl = pytest.importorskip("openpyxl")
14 | from app.engine.imports import load_hardened_excel_sheet
   | ^^^^^^^^^^^^^^^^^^^^^^^^^^^^^^^^^^^^^^^^^^^^^^^^^^^^^^^^
help: Move module level imports to top of file

F841 Local variable `prs` is assigned to but never used
   --> tests\unit\test_ppt_pack.py:286:5
    |
284 |     """Deck saves to disk and can be re-opened via python-pptx without error."""
285 |     out_file = tmp_path / "MonthEnd_Deck_v1.pptx"
286 |     prs = generate_powerpoint_deck(output_path=out_file)
    |     ^^^
287 |     assert out_file.exists()
288 |     assert out_file.stat().st_size > 5000  # Non-empty pptx file
    |
help: Remove assignment to unused variable `prs`

F841 Local variable `mock_parent` is assigned to but never used
   --> tests\unit\test_ppt_pack.py:306:62
    |
304 |     empty_dir = tmp_path / "empty_templates"
305 |     empty_dir.mkdir(parents=True, exist_ok=True)
306 |     with patch("app.engine.exports.ppt_pack.Path.parent") as mock_parent:
    |                                                              ^^^^^^^^^^^
307 |         pass  # test via direct monkeypatch on Path
    |
help: Remove assignment to unused variable `mock_parent`

F841 Local variable `slide` is assigned to but never used
   --> tests\unit\test_pptx_fill_patterns.py:592:5
    |
590 |     """The cover logo's image relationship must be re-pointed at the slide."""
591 |     prs = open_template()
592 |     slide = add_slide_from_layout(prs, SLIDE_LAYOUTS["PPT-001"])
    |     ^^^^^
593 |     out = tmp_path / "logo.pptx"
594 |     prs.save(str(out))
    |
help: Remove assignment to unused variable `slide`

B007 Loop control variable `entry` not used within loop body
   --> tests\unit\test_quality_score.py:149:15
    |
147 |     # Run 30 checks, skip 2 High checks (IMP-001 and IMP-004)
148 |     checks = []
149 |     for code, entry in CHECK_CATALOGUE.items():
    |               ^^^^^
150 |         if code in ("IMP-001", "IMP-004"):
151 |             checks.append(
    |
help: Rename unused `entry` to `_entry`

B905 `zip()` without an explicit `strict=` parameter
   --> tests\unit\test_rules_01_08.py:636:19
    |
635 |     assert len(run1) == len(run2)
636 |     for f1, f2 in zip(run1, run2):
    |                   ^^^^^^^^^^^^^^^
637 |         assert f1.identity_hash == f2.identity_hash
638 |         assert f1.rule_id == f2.rule_id
    |
help: Add explicit value for parameter `strict=`

E712 Avoid equality comparisons to `True`; use `sanitizer.verify_integrity(original, sanitized):` for truth checks
  --> tests\unit\test_sanitizer.py:20:12
   |
18 |     original = [{"debit": "100.00", "credit": "0.00"}, {"debit": "0.00", "credit": "100.00"}]
19 |     sanitized = [{"debit": "100.00", "credit": "0.00"}, {"debit": "0.00", "credit": "100.00"}]
20 |     assert sanitizer.verify_integrity(original, sanitized) == True
   |            ^^^^^^^^^^^^^^^^^^^^^^^^^^^^^^^^^^^^^^^^^^^^^^^^^^^^^^^
help: Replace with `sanitizer.verify_integrity(original, sanitized)`

E712 Avoid equality comparisons to `True`; use `sanitizer.verify_integrity(original, sanitized):` for truth checks
  --> tests\unit\test_sanitizer.py:27:12
   |
25 |     original = [{"Debit": "100.00", "Credit": "0.00"}, {"Debit": "0.00", "Credit": "100.00"}]
26 |     sanitized = [{"Debit": "100.00", "Credit": "0.00"}, {"Debit": "0.00", "Credit": "100.00"}]
27 |     assert sanitizer.verify_integrity(original, sanitized) == True
   |            ^^^^^^^^^^^^^^^^^^^^^^^^^^^^^^^^^^^^^^^^^^^^^^^^^^^^^^^
help: Replace with `sanitizer.verify_integrity(original, sanitized)`

E402 Module level import not at top of file
  --> tests\unit\test_sheet_selection_handling.py:15:1
   |
14 |   openpyxl = pytest.importorskip("openpyxl")
15 | / from app.engine.imports import (
16 | |     detect_hidden_sheets,
17 | |     is_total_subtotal_row,
18 | | )
   | |_^
help: Move module level imports to top of file

F841 Local variable `initial_tested` is assigned to but never used
  --> tests\unit\test_ui_coverage_audit.py:55:5
   |
53 |     """Verify that adding a test file dynamically reflects in the audit counts."""
54 |     components, summary = audit_ui_components()
55 |     initial_tested = summary["tested_components"]
   |     ^^^^^^^^^^^^^^
56 |
57 |     # Mock finding a test for the first component
   |
help: Remove assignment to unused variable `initial_tested`

F841 Local variable `mock_glob` is assigned to but never used
  --> tests\unit\test_ui_coverage_audit.py:61:40
   |
59 |     mock_test = ROOT / "ui" / f"{first_comp.name}.test.tsx"
60 |
61 |     with patch("pathlib.Path.glob") as mock_glob:
   |                                        ^^^^^^^^^
62 |
63 |         def side_effect(pattern):
   |
help: Remove assignment to unused variable `mock_glob`

Found 207 errors.
No fixes available (67 hidden fixes can be enabled with the `--unsafe-fixes` option).
app\engine\ai\pinning.py:61: error: Value of type "object" is not indexable  [index]
app\engine\ai\pinning.py:68: error: Value of type "object" is not indexable  [index]
app\engine\ai\pinning.py:70: error: Value of type "object" is not indexable  [index]
app\engine\ai\pinning.py:71: error: Value of type "object" is not indexable  [index]
app\engine\ai\pinning.py:72: error: Value of type "object" is not indexable  [index]
app\engine\ai\pinning.py:76: error: Value of type "object" is not indexable  [index]
app\engine\dedupe\blocking.py:55: error: Bad number of arguments for type alias, expected 2, given 1  [type-arg]
app\engine\dedupe\blocking.py:56: error: Bad number of arguments for type alias, expected 2, given 1  [type-arg]
app\engine\dedupe\blocking.py:57: error: Bad number of arguments for type alias, expected 2, given 1  [type-arg]
app\engine\dedupe\blocking.py:79: error: Bad number of arguments for type alias, expected 2, given 1  [type-arg]
app\engine\imports\profiles.py:48: error: Function is missing a return type annotation  [no-untyped-def]
app\engine\imports\profiles.py:48: note: Use "-> None" if function does not return a value
app\engine\security\sanitizer.py:43: error: Function is missing a return type annotation  [no-untyped-def]
app\engine\security\sanitizer.py:48: error: Function is missing a type annotation  [no-untyped-def]
app\engine\security\sanitizer.py:58: error: Call to untyped function "get_sum" in typed context  [no-untyped-call]
app\engine\security\sanitizer.py:59: error: Call to untyped function "get_sum" in typed context  [no-untyped-call]
app\engine\security\sanitizer.py:61: error: Call to untyped function "get_sum" in typed context  [no-untyped-call]
app\engine\security\sanitizer.py:62: error: Call to untyped function "get_sum" in typed context  [no-untyped-call]
app\engine\imports\models.py:46: error: Function is missing a return type annotation  [no-untyped-def]
app\engine\imports\models.py:46: note: Use "-> None" if function does not return a value
app\engine\imports\mapping_suggestions.py:59: error: Missing type arguments for generic type "frozenset"  [type-arg]
app\engine\imports\mapping_suggestions.py:103: error: Missing type arguments for generic type "frozenset"  [type-arg]
app\engine\imports\mapping_suggestions.py:304: error: Missing type arguments for generic type "frozenset"  [type-arg]
app\engine\imports\hardening.py:14: error: Incompatible types in assignment (expression has type "None", variable has type Module)  [assignment]
app\engine\imports\hardening.py:15: error: Incompatible types in assignment (expression has type "None", variable has type "Callable[[int], str]")  [assignment]
app\engine\imports\hardening.py:352: error: Function "get_column_letter" could always be true in boolean context  [truthy-function]
app\engine\imports\hardening.py:355: error: Function "get_column_letter" could always be true in boolean context  [truthy-function]
app\engine\imports\hardening.py:397: error: Function "get_column_letter" could always be true in boolean context  [truthy-function]
app\engine\imports\hardening.py:720: error: Incompatible types in assignment (expression has type "list[Any]", variable has type "int")  [assignment]
app\engine\imports\hardening.py:722: error: Argument 1 to "len" has incompatible type "int"; expected "Sized"  [arg-type]
app\engine\imports\hardening.py:723: error: Value of type "int" is not indexable  [index]
app\engine\imports\hardening.py:767: error: Incompatible types in assignment (expression has type "list[Any]", variable has type "int")  [assignment]
app\engine\imports\hardening.py:769: error: Argument 1 to "len" has incompatible type "int"; expected "Sized"  [arg-type]
app\engine\imports\hardening.py:769: error: Value of type "int" is not indexable  [index]
app\engine\imports\hardening.py:770: error: Value of type "int" is not indexable  [index]
app\engine\imports\hardening.py:784: error: Incompatible types in assignment (expression has type "list[Any]", variable has type "int")  [assignment]
app\engine\imports\hardening.py:786: error: Argument 1 to "len" has incompatible type "int"; expected "Sized"  [arg-type]
app\engine\imports\hardening.py:786: error: Value of type "int" is not indexable  [index]
app\engine\imports\hardening.py:787: error: Value of type "int" is not indexable  [index]
app\engine\ai\client.py:185: error: Missing type arguments for generic type "Match"  [type-arg]
app\engine\ai\client.py:335: error: Function is missing a return type annotation  [no-untyped-def]
app\engine\ai\client.py:381: error: Function is missing a return type annotation  [no-untyped-def]
app\engine\ai\client.py:519: error: Function is missing a return type annotation  [no-untyped-def]
app\engine\ai\client.py:593: error: Returning Any from function declared to return "dict[str, Any]"  [no-any-return]
app\engine\ai\client.py:595: error: Returning Any from function declared to return "dict[str, Any]"  [no-any-return]
app\engine\ai\client.py:755: error: Missing type arguments for generic type "dict"  [type-arg]
app\engine\ai\client.py:1203: error: Missing type arguments for generic type "dict"  [type-arg]
app\engine\store\db.py:134: error: Value of type "tuple[Any, ...] | None" is not indexable  [index]
app\engine\calc\observable.py:61: error: Incompatible types in assignment (expression has type "int", variable has type "str")  [assignment]
app\engine\store\mapping_suggestion_repo.py:79: error: Argument 1 to "int" has incompatible type "int | None"; expected "str | Buffer | SupportsInt | SupportsIndex | SupportsTrunc"  [arg-type]
app\engine\store\mapping_suggestion_repo.py:298: error: Missing type arguments for generic type "set"  [type-arg]
app\engine\store\mapping_suggestion_repo.py:403: error: Call to untyped function (unknown) in typed context  [no-untyped-call]
app\engine\store\mapping_suggestion_repo.py:410: error: Call to untyped function (unknown) in typed context  [no-untyped-call]
app\engine\store\mapping_suggestion_repo.py:411: error: Call to untyped function (unknown) in typed context  [no-untyped-call]
app\engine\store\mapping_suggestion_repo.py:412: error: Call to untyped function (unknown) in typed context  [no-untyped-call]
app\engine\store\mapping_suggestion_repo.py:413: error: Call to untyped function (unknown) in typed context  [no-untyped-call]
app\engine\store\mapping_suggestion_repo.py:414: error: Call to untyped function (unknown) in typed context  [no-untyped-call]
app\engine\store\mapping_suggestion_repo.py:415: error: Call to untyped function (unknown) in typed context  [no-untyped-call]
app\engine\store\mapping_suggestion_repo.py:416: error: Call to untyped function (unknown) in typed context  [no-untyped-call]
app\engine\store\mapping_suggestion_repo.py:417: error: Call to untyped function (unknown) in typed context  [no-untyped-call]
app\engine\store\mapping_suggestion_repo.py:419: error: Call to untyped function (unknown) in typed context  [no-untyped-call]
app\engine\store\mapping_suggestion_repo.py:420: error: Call to untyped function (unknown) in typed context  [no-untyped-call]
app\engine\store\mapping_suggestion_repo.py:421: error: Call to untyped function (unknown) in typed context  [no-untyped-call]
app\engine\store\mapping_repo.py:85: error: Incompatible types in assignment (expression has type "int | None", variable has type "int")  [assignment]
app\engine\imports\profile_binding.py:178: error: Incompatible types in assignment (expression has type "str | None", target has type "str")  [assignment]
app\engine\imports\profile_binding.py:277: error: Incompatible types in assignment (expression has type "str | None", target has type "str")  [assignment]
app\engine\store\reports_repo.py:135: error: Argument "pack_id" to "PackRefDTO" has incompatible type "int | None"; expected "int"  [arg-type]
app\engine\store\reports_repo.py:204: error: Argument "pack_id" to "PackRefDTO" has incompatible type "int | None"; expected "int"  [arg-type]
app\engine\store\reports_repo.py:321: error: Argument "issue_id" to "IssuanceRefDTO" has incompatible type "int | None"; expected "int"  [arg-type]
app\engine\rules\rules_catalog_001_008.py:117: error: Incompatible types in assignment (expression has type "tuple[str, str, str]", variable has type "tuple[str, str, str, str]")  [assignment]
app\engine\rules\rules_catalog_001_008.py:240: error: Function is missing a type annotation for one or more parameters  [no-untyped-def]
app\engine\rules\rules_catalog_001_008.py:420: error: "Callable[[RuleContext], list[Finding]]" has no attribute "REQUIRED_INPUT_COUNTS"  [attr-defined]
app\engine\rules\rules_catalog_001_008.py:421: error: "Callable[[RuleContext], list[Finding]]" has no attribute "REQUIRED_INPUT_NOTICES"  [attr-defined]
app\engine\rules\rules_catalog_001_008.py:489: error: "Callable[[RuleContext], list[Finding]]" has no attribute "REQUIRED_INPUTS"  [attr-defined]
app\engine\rules\rules_catalog_001_008.py:490: error: "Callable[[RuleContext], list[Finding]]" has no attribute "REQUIRED_INPUT_NOTICES"  [attr-defined]
app\engine\rules\rules_catalog_001_008.py:548: error: Incompatible types in assignment (expression has type "tuple[str, str]", variable has type "tuple[str]")  [assignment]
app\engine\rules\rules_catalog_001_008.py:638: error: "Callable[[RuleContext], list[Finding]]" has no attribute "REQUIRED_INPUTS"  [attr-defined]
app\engine\rules\rules_catalog_001_008.py:780: error: "Callable[[RuleContext], list[Finding]]" has no attribute "REQUIRED_INPUTS"  [attr-defined]
app\engine\rules\rules_17_24.py:573: error: "Callable[[RuleContext], list[Finding]]" has no attribute "REQUIRED_INPUT_CHECK"  [attr-defined]
app\engine\rules\rules_17_24.py:574: error: "Callable[[RuleContext], list[Finding]]" has no attribute "REQUIRED_INPUT_NOTICES"  [attr-defined]
app\engine\rules\rules_17_24.py:802: error: "Callable[[RuleContext], list[Finding]]" has no attribute "REQUIRED_INPUT_CHECK"  [attr-defined]
app\engine\rules\rules_17_24.py:803: error: "Callable[[RuleContext], list[Finding]]" has no attribute "REQUIRED_INPUT_NOTICES"  [attr-defined]
app\engine\rules\rules_17_24.py:839: error: Argument 1 to "quantize_money" has incompatible type "object"; expected "Decimal | str | int | float"  [arg-type]
app\engine\rules\rules_17_24.py:889: error: Unsupported operand types for <= ("Decimal" and "object")  [operator]
app\engine\rules\rules_17_24.py:903: error: Argument "amount_at_risk" to "Finding" has incompatible type "object"; expected "Decimal"  [arg-type]
app\engine\rules\rules_09_16.py:105: error: No overload variant of "__sub__" of "date" matches argument type "None"  [operator]
app\engine\rules\rules_09_16.py:105: note: Possible overload variants:
app\engine\rules\rules_09_16.py:105: note:     def __sub__(self, datetime, /) -> Never
app\engine\rules\rules_09_16.py:105: note:     def __sub__(self, date, /) -> timedelta
app\engine\rules\rules_09_16.py:105: note:     def __sub__(self, timedelta, /) -> date
app\engine\rules\rules_09_16.py:105: error: Unsupported left operand type for - ("None")  [operator]
app\engine\rules\rules_09_16.py:105: note: Both left and right operands are unions
app\engine\rules\rules_09_16.py:124: error: Argument "amount_at_risk" to "Finding" has incompatible type "Decimal | Literal[0]"; expected "Decimal"  [arg-type]
app\engine\rules\rules_09_16.py:213: error: Function is missing a type annotation  [no-untyped-def]
app\engine\rules\rules_09_16.py:225: error: Unsupported left operand type for - ("None")  [operator]
app\engine\rules\rules_09_16.py:225: note: Left operand is of type "date | None"
app\engine\rules\rules_09_16.py:246: error: Argument 1 to "_exc_011_rank_bucket" has incompatible type "date | None"; expected "date"  [arg-type]
app\engine\rules\rules_09_16.py:250: error: Item "None" of "date | None" has no attribute "isoformat"  [union-attr]
app\engine\rules\rules_09_16.py:270: error: Argument "amount_at_risk" to "Finding" has incompatible type "Decimal | Literal[0]"; expected "Decimal"  [arg-type]
app\engine\rules\rules_09_16.py:442: error: Dict entry 2 has incompatible type "str": "int"; expected "str": "set[str]"  [dict-item]
app\engine\rules\rules_09_16.py:446: error: Unsupported operand types for + ("set[str]" and "int")  [operator]
app\engine\rules\rules_09_16.py:446: error: Incompatible types in assignment (expression has type "int", target has type "set[str]")  [assignment]
app\engine\rules\rules_09_16.py:465: error: Unsupported operand types for < ("set[str]" and "int")  [operator]
app\engine\rules\rules_09_16.py:496: error: Argument "amount_at_risk" to "Finding" has incompatible type "Decimal | Literal[0]"; expected "Decimal"  [arg-type]
app\engine\imports\parser.py:75: error: Incompatible types in assignment (expression has type "str | None", variable has type "str")  [assignment]
app\engine\imports\parser.py:1189: error: Item "MergedCell" of "Cell | MergedCell" has no attribute "is_date"  [union-attr]
app\engine\imports\control_totals.py:13: error: Incompatible types in assignment (expression has type "None", variable has type Module)  [assignment]
app\engine\store\analytics_repo.py:237: error: Value of type "tuple[Any, ...] | None" is not indexable  [index]
app\engine\store\analytics_repo.py:454: error: Value of type "tuple[Any, ...] | None" is not indexable  [index]
app\engine\store\analytics_repo.py:644: error: Value of type "tuple[Any, ...] | None" is not indexable  [index]
app\engine\store\analytics_repo.py:785: error: Value of type "tuple[Any, ...] | None" is not indexable  [index]
app\engine\store\analytics_repo.py:917: error: Value of type "tuple[Any, ...] | None" is not indexable  [index]
app\engine\rules\batch.py:145: error: Invalid index type "object" for "dict[str, str]"; expected type "str"  [index]
app\engine\rules\batch.py:197: error: Missing type arguments for generic type "Callable"  [type-arg]
app\engine\rules\batch.py:219: error: Returning Any from function declared to return "str | None"  [no-any-return]
app\engine\rules\batch.py:228: error: Returning Any from function declared to return "str | None"  [no-any-return]
app\engine\rules\batch.py:235: error: Missing type arguments for generic type "Callable"  [type-arg]
app\engine\imports\vendor_budget_loader.py:242: error: Value of type "tuple[Any, ...] | None" is not indexable  [index]
app\engine\imports\vendor_budget_loader.py:798: error: Argument 1 to "int" has incompatible type "int | None"; expected "str | Buffer | SupportsInt | SupportsIndex | SupportsTrunc"  [arg-type]
app\engine\store\exceptions_repo.py:1058: error: Argument 1 to "append" of "list" has incompatible type "int | None"; expected "int"  [arg-type]
app\engine\store\exceptions_repo.py:1082: error: Argument 1 to "append" of "list" has incompatible type "int | None"; expected "int"  [arg-type]
app\engine\store\exceptions_repo.py:1098: error: Argument 1 to "append" of "list" has incompatible type "int | None"; expected "int"  [arg-type]
app\engine\store\exceptions_repo.py:1184: error: Item "None" of "_WorksheetOrChartsheetLike | None" has no attribute "title"  [union-attr]
app\engine\store\exceptions_repo.py:1185: error: Item "None" of "_WorksheetOrChartsheetLike | None" has no attribute "append"  [union-attr]
app\engine\store\exceptions_repo.py:1186: error: Item "None" of "_WorksheetOrChartsheetLike | None" has no attribute "append"  [union-attr]
app\engine\store\exceptions_repo.py:1187: error: Item "None" of "_WorksheetOrChartsheetLike | None" has no attribute "append"  [union-attr]
app\engine\store\exceptions_repo.py:1188: error: Item "None" of "_WorksheetOrChartsheetLike | None" has no attribute "append"  [union-attr]
app\engine\store\exceptions_repo.py:1189: error: Item "None" of "_WorksheetOrChartsheetLike | None" has no attribute "append"  [union-attr]
app\engine\store\exceptions_repo.py:1190: error: Item "None" of "_WorksheetOrChartsheetLike | None" has no attribute "append"  [union-attr]
app\engine\store\exceptions_repo.py:1191: error: Item "None" of "_WorksheetOrChartsheetLike | None" has no attribute "append"  [union-attr]
app\engine\store\exceptions_repo.py:1192: error: Item "None" of "_WorksheetOrChartsheetLike | None" has no attribute "append"  [union-attr]
app\engine\store\exceptions_repo.py:1193: error: Item "None" of "_WorksheetOrChartsheetLike | None" has no attribute "append"  [union-attr]
app\engine\store\exceptions_repo.py:1194: error: Item "None" of "_WorksheetOrChartsheetLike | None" has no attribute "append"  [union-attr]
app\engine\store\exceptions_repo.py:1195: error: Item "None" of "_WorksheetOrChartsheetLike | None" has no attribute "append"  [union-attr]
app\engine\store\exceptions_repo.py:1196: error: Item "None" of "_WorksheetOrChartsheetLike | None" has no attribute "append"  [union-attr]
app\engine\store\exceptions_repo.py:1197: error: Item "None" of "_WorksheetOrChartsheetLike | None" has no attribute "append"  [union-attr]
app\engine\rules\acceptance.py:392: error: Function is missing a type annotation for one or more parameters  [no-untyped-def]
app\engine\rules\acceptance.py:493: error: Missing type arguments for generic type "set"  [type-arg]
app\engine\rules\acceptance.py:508: error: Need type annotation for "sev" (hint: "sev: dict[<type>, <type>] = ...")  [var-annotated]
app\engine\rules\acceptance.py:683: error: Function is missing a type annotation for one or more parameters  [no-untyped-def]
app\engine\rules\acceptance.py:710: error: Function is missing a return type annotation  [no-untyped-def]
app\engine\rules\acceptance.py:786: error: Function is missing a type annotation for one or more parameters  [no-untyped-def]
app\engine\rules\acceptance.py:827: error: Returning Any from function declared to return "int"  [no-any-return]
app\engine\rules\acceptance.py:844: error: Returning Any from function declared to return "str"  [no-any-return]
app\engine\rules\acceptance.py:847: error: Function is missing a type annotation for one or more parameters  [no-untyped-def]
app\engine\rules\acceptance.py:854: error: Function is missing a type annotation  [no-untyped-def]
app\engine\rules\acceptance.py:867: error: Function is missing a type annotation for one or more parameters  [no-untyped-def]
app\engine\rules\acceptance.py:888: error: Call to untyped function "run_rules_detailed" in typed context  [no-untyped-call]
app\engine\rules\acceptance.py:911: error: Call to untyped function "run_rules_detailed" in typed context  [no-untyped-call]
app\engine\rules\acceptance.py:1226: error: Function is missing a type annotation for one or more parameters  [no-untyped-def]
app\engine\rules\acceptance.py:1293: error: Incompatible types in assignment (expression has type "BarResult", variable has type "str")  [assignment]
app\engine\rules\acceptance.py:1294: error: "str" has no attribute "measurable"  [attr-defined]
app\engine\rules\acceptance.py:1297: error: "str" has no attribute "passed"  [attr-defined]
app\engine\rules\acceptance.py:1299: error: "str" has no attribute "name"  [attr-defined]
app\engine\rules\acceptance.py:1299: error: "str" has no attribute "requirement"  [attr-defined]
app\engine\rules\acceptance.py:1300: error: "str" has no attribute "measured"  [attr-defined]
app\engine\rules\acceptance.py:1300: error: "str" has no attribute "measurable"  [attr-defined]
Found 149 errors in 24 files (checked 60 source files)
--> [CHECK UI GATE] Running TypeScript check (tsc --noEmit)...
--> [CHECK UI GATE] Running ESLint check...
    TypeScript Errors : 0 [Budget: <= 0]
    ESLint Errors     : 83 [Budget: <= 83]
    ESLint Warnings   : 17 [Budget: <= 17]
--> [CHECK UI GATE] UI Gate PASSED (within advisory budget)
C:\Users\Tahir\AppData\Roaming\Python\Python314\site-packages\fastapi\openapi\utils.py:303: UserWarning: Duplicate Operation ID api_list_exceptions_api_v1_exceptions_get for function api_list_exceptions at C:\Users\Tahir\Documents\GitHub\finalFPA\app\api\main.py
  warnings.warn(message, stacklevel=1)
Traceback (most recent call last):
  File "C:\Users\Tahir\Documents\GitHub\finalFPA\scripts\check_contract_drift.py", line 50, in <module>
    check_contract_drift()
    ~~~~~~~~~~~~~~~~~~~~^^
  File "C:\Users\Tahir\Documents\GitHub\finalFPA\scripts\check_contract_drift.py", line 42, in check_contract_drift
    raise RuntimeError(
        "ERROR: OpenAPI schema drift detected! Routes have changed without updating app/api/openapi.json. Per doc 26, contract drift is a build error."
    )
RuntimeError: ERROR: OpenAPI schema drift detected! Routes have changed without updating app/api/openapi.json. Per doc 26, contract drift is a build error.
--> [DOC-INTEGRITY] Checking docs/ and evidence/ under C:\Users\Tahir\Documents\GitHub\finalFPA...
    Discovered 151 markdown files.
    PASSED: All markdown links valid and cross-project IDs consistent!

C:\Users\Tahir\Documents\GitHub\finalFPA\tests\integration\test_portable_mode.py:23: SyntaxWarning: "\d" is an invalid escape sequence. Such sequences will not work in the future. Did you mean "\\d"? A raw string is also an option.
  """With portable.flag beside the execution directory, data relocates to <app>\data\default."""
=== FinalFPA Test Catalogue Traceability Checker (DEF-012) ===
Loaded 309 valid TST identifiers from documentation.
Harvested 45 marker references covering 35 distinct TST IDs.

[ERROR] Unknown TST identifiers detected in test suite (not in docs):
  - TST-RUL-02B in tests/unit/test_rules_01_08.py:test_exc_002_unmapped_cost_center_raised
FAILED: 1 file(s) exceed 500 LOC without justification header or allowlist reason:
  - app/engine/calc/quality_score.py: 669 LOC
--> [CONST-01] Parsed 24 rule specifications from 06_EXCEPTION_RULES_CATALOG.md
    Checking EXC-020 (docs/06 line 574):
      Spec subject key: `company_code\
      Code subject key: subject_key=f"{comp}|{acc}|{span}", (rules_17_24.py:297)
      Status: In sync (matches spec subject key definition company_code|account_code|period_span)

[OK] All 24 catalog specifications in sync with active engine rule batch.

╔══╗─────────▶╔╗ ╔╗      ╔╗◀───┐
╚╣╠╝◀─────┐  ╔╝╚╗║║────▶╔╝╚╗   │
 ║║   ╔══╦══╦╩╗╔╝║║  ╔╦═╩╗╔╝╔═╦══╗
 ║║╔══╣╔╗║╔╗║╔╣║ ║║ ╔╬╣╔╗║║ ║│║╔═╝
╔╣╠╣║║║╚╝║╚╝║║║╚╗║╚═╝║║║║║╚╗║═╣║
╚══╩╩╩╣╔═╩══╩╝╚═╝╚═══╩╩╝╚╩═╩╩═╩╝
  └──▶║║                    ▲ 
      ╚╝────────────────────┘


---------
Contracts
---------

Analyzed 114 files, 428 dependencies.
-------------------------------------

headless-engine boundary (09 S4.1) KEPT

Contracts: 1 kept, 0 broken.
..........................F...........................F................. [  6%]
............................................F........................... [ 12%]
....E.........